filename,before_path,after_path,Cycle,state,Potential/V,start_time,end_time
2025-12-23-16-30-56-300000.csv,Data/LiCu_10C-1/before/2025-12-23-16-23-17-300000.csv,Data/LiCu_10C-1/after/2025-12-23-16-30-56-300000.csv,1,R,-0.0003,2025/12/23 15:24,2025/12/23 16:39
2025-12-23-16-32-01-300000.csv,Data/LiCu_10C-1/before/2025-12-23-16-23-17-300000.csv,Data/LiCu_10C-1/after/2025-12-23-16-32-01-300000.csv,1,R,-0.0002,2025/12/23 15:24,2025/12/23 16:39
2025-12-23-16-37-28-300000.csv,Data/LiCu_10C-1/before/2025-12-23-16-23-17-300000.csv,Data/LiCu_10C-1/after/2025-12-23-16-37-28-300000.csv,1,R,0.0859,2025/12/23 15:24,2025/12/23 16:39
2025-12-23-16-38-33-300000.csv,Data/LiCu_10C-1/before/2025-12-23-16-23-17-300000.csv,Data/LiCu_10C-1/after/2025-12-23-16-38-33-300000.csv,1,R,0.0397,2025/12/23 15:24,2025/12/23 16:39
2025-12-23-16-46-19-300000.csv,Data/LiCu_10C-1/before/2025-12-23-16-23-17-300000.csv,Data/LiCu_10C-1/after/2025-12-23-16-46-19-300000.csv,2,R,-0.0003,2025/12/23 16:39,2025/12/23 16:54
2025-12-23-16-52-53-300000.csv,Data/LiCu_10C-1/before/2025-12-23-16-23-17-300000.csv,Data/LiCu_10C-1/after/2025-12-23-16-52-53-300000.csv,2,R,0.0022,2025/12/23 16:39,2025/12/23 16:54
2025-12-23-16-53-59-300000.csv,Data/LiCu_10C-1/before/2025-12-23-16-23-17-300000.csv,Data/LiCu_10C-1/after/2025-12-23-16-53-59-300000.csv,2,R,0.0011,2025/12/23 16:39,2025/12/23 16:54
2025-12-23-17-00-33-300000.csv,Data/LiCu_10C-1/before/2025-12-23-16-23-17-300000.csv,Data/LiCu_10C-1/after/2025-12-23-17-00-33-300000.csv,3,R,0.0,2025/12/23 16:54,2025/12/23 17:08
2025-12-23-17-01-39-300000.csv,Data/LiCu_10C-1/before/2025-12-23-16-23-17-300000.csv,Data/LiCu_10C-1/after/2025-12-23-17-01-39-300000.csv,3,R,0.0002,2025/12/23 16:54,2025/12/23 17:08
2025-12-23-17-07-07-300000.csv,Data/LiCu_10C-1/before/2025-12-23-16-23-17-300000.csv,Data/LiCu_10C-1/after/2025-12-23-17-07-07-300000.csv,3,R,0.2739,2025/12/23 16:54,2025/12/23 17:08
2025-12-23-17-08-12-300000.csv,Data/LiCu_10C-1/before/2025-12-23-16-23-17-300000.csv,Data/LiCu_10C-1/after/2025-12-23-17-08-12-300000.csv,3,R,0.261,2025/12/23 16:54,2025/12/23 17:08
2025-12-23-17-14-44-300000.csv,Data/LiCu_10C-1/before/2025-12-23-16-23-17-300000.csv,Data/LiCu_10C-1/after/2025-12-23-17-14-44-300000.csv,4,R,-0.0005,2025/12/23 17:08,2025/12/23 17:23
2025-12-23-17-15-50-300000.csv,Data/LiCu_10C-1/before/2025-12-23-16-23-17-300000.csv,Data/LiCu_10C-1/after/2025-12-23-17-15-50-300000.csv,4,R,0.0,2025/12/23 17:08,2025/12/23 17:23
2025-12-23-17-21-17-300000.csv,Data/LiCu_10C-1/before/2025-12-23-16-23-17-300000.csv,Data/LiCu_10C-1/after/2025-12-23-17-21-17-300000.csv,4,R,0.534,2025/12/23 17:08,2025/12/23 17:23
2025-12-23-17-22-22-300000.csv,Data/LiCu_10C-1/before/2025-12-23-16-23-17-300000.csv,Data/LiCu_10C-1/after/2025-12-23-17-22-22-300000.csv,4,R,0.0431,2025/12/23 17:08,2025/12/23 17:23
2025-12-23-17-30-01-300000.csv,Data/LiCu_10C-1/before/2025-12-23-16-23-17-300000.csv,Data/LiCu_10C-1/after/2025-12-23-17-30-01-300000.csv,5,R,-0.0003,2025/12/23 17:23,2025/12/23 17:36
2025-12-23-17-31-07-300000.csv,Data/LiCu_10C-1/before/2025-12-23-16-23-17-300000.csv,Data/LiCu_10C-1/after/2025-12-23-17-31-07-300000.csv,5,R,-0.0002,2025/12/23 17:23,2025/12/23 17:36
2025-12-23-17-35-29-300000.csv,Data/LiCu_10C-1/before/2025-12-23-16-23-17-300000.csv,Data/LiCu_10C-1/after/2025-12-23-17-35-29-300000.csv,5,R,0.0006,2025/12/23 17:23,2025/12/23 17:36
2025-12-23-17-36-34-300000.csv,Data/LiCu_10C-1/before/2025-12-23-16-23-17-300000.csv,Data/LiCu_10C-1/after/2025-12-23-17-36-34-300000.csv,5,R,0.0,2025/12/23 17:23,2025/12/23 17:36
2025-12-23-17-43-06-300000.csv,Data/LiCu_10C-1/before/2025-12-23-16-23-17-300000.csv,Data/LiCu_10C-1/after/2025-12-23-17-43-06-300000.csv,6,R,-0.0006,2025/12/23 17:36,2025/12/23 17:52
2025-12-23-17-44-11-300000.csv,Data/LiCu_10C-1/before/2025-12-23-16-23-17-300000.csv,Data/LiCu_10C-1/after/2025-12-23-17-44-11-300000.csv,6,R,0.0,2025/12/23 17:36,2025/12/23 17:52
2025-12-23-17-50-44-300000.csv,Data/LiCu_10C-1/before/2025-12-23-16-23-17-300000.csv,Data/LiCu_10C-1/after/2025-12-23-17-50-44-300000.csv,6,R,0.3936,2025/12/23 17:36,2025/12/23 17:52
2025-12-23-17-51-49-300000.csv,Data/LiCu_10C-1/before/2025-12-23-16-23-17-300000.csv,Data/LiCu_10C-1/after/2025-12-23-17-51-49-300000.csv,6,R,0.3638,2025/12/23 17:36,2025/12/23 17:52
2025-12-23-17-58-29-300000.csv,Data/LiCu_10C-1/before/2025-12-23-16-23-17-300000.csv,Data/LiCu_10C-1/after/2025-12-23-17-58-29-300000.csv,7,R,-0.0002,2025/12/23 17:52,2025/12/23 18:06
2025-12-23-17-59-34-300000.csv,Data/LiCu_10C-1/before/2025-12-23-16-23-17-300000.csv,Data/LiCu_10C-1/after/2025-12-23-17-59-34-300000.csv,7,R,-0.0002,2025/12/23 17:52,2025/12/23 18:06
2025-12-23-18-05-02-300000.csv,Data/LiCu_10C-1/before/2025-12-23-16-23-17-300000.csv,Data/LiCu_10C-1/after/2025-12-23-18-05-02-300000.csv,7,R,0.0008,2025/12/23 17:52,2025/12/23 18:06
2025-12-23-18-06-07-300000.csv,Data/LiCu_10C-1/before/2025-12-23-16-23-17-300000.csv,Data/LiCu_10C-1/after/2025-12-23-18-06-07-300000.csv,7,R,0.0003,2025/12/23 17:52,2025/12/23 18:06
2025-12-23-18-12-39-300000.csv,Data/LiCu_10C-1/before/2025-12-23-16-23-17-300000.csv,Data/LiCu_10C-1/after/2025-12-23-18-12-39-300000.csv,8,R,-0.0005,2025/12/23 18:06,2025/12/23 18:21
2025-12-23-18-13-45-300000.csv,Data/LiCu_10C-1/before/2025-12-23-16-23-17-300000.csv,Data/LiCu_10C-1/after/2025-12-23-18-13-45-300000.csv,8,R,-0.0006,2025/12/23 18:06,2025/12/23 18:21
2025-12-23-18-20-17-300000.csv,Data/LiCu_10C-1/before/2025-12-23-16-23-17-300000.csv,Data/LiCu_10C-1/after/2025-12-23-18-20-17-300000.csv,8,R,0.0006,2025/12/23 18:06,2025/12/23 18:21
2025-12-23-18-21-22-300000.csv,Data/LiCu_10C-1/before/2025-12-23-16-23-17-300000.csv,Data/LiCu_10C-1/after/2025-12-23-18-21-22-300000.csv,8,R,0.0003,2025/12/23 18:06,2025/12/23 18:21
2025-12-23-18-27-54-300000.csv,Data/LiCu_10C-1/before/2025-12-23-16-23-17-300000.csv,Data/LiCu_10C-1/after/2025-12-23-18-27-54-300000.csv,9,R,-0.0008,2025/12/23 18:21,2025/12/23 18:37
2025-12-23-18-28-59-300000.csv,Data/LiCu_10C-1/before/2025-12-23-16-23-17-300000.csv,Data/LiCu_10C-1/after/2025-12-23-18-28-59-300000.csv,9,R,-0.0003,2025/12/23 18:21,2025/12/23 18:37
2025-12-23-18-35-32-300000.csv,Data/LiCu_10C-1/before/2025-12-23-16-23-17-300000.csv,Data/LiCu_10C-1/after/2025-12-23-18-35-32-300000.csv,9,R,0.2524,2025/12/23 18:21,2025/12/23 18:37
2025-12-23-18-36-37-300000.csv,Data/LiCu_10C-1/before/2025-12-23-16-23-17-300000.csv,Data/LiCu_10C-1/after/2025-12-23-18-36-37-300000.csv,9,R,0.0042,2025/12/23 18:21,2025/12/23 18:37
2025-12-23-18-43-14-300000.csv,Data/LiCu_10C-1/before/2025-12-23-16-23-17-300000.csv,Data/LiCu_10C-1/after/2025-12-23-18-43-14-300000.csv,10,R,-0.0009,2025/12/23 18:37,2025/12/23 18:51
2025-12-23-18-44-20-300000.csv,Data/LiCu_10C-1/before/2025-12-23-16-23-17-300000.csv,Data/LiCu_10C-1/after/2025-12-23-18-44-20-300000.csv,10,R,0.0002,2025/12/23 18:37,2025/12/23 18:51
2025-12-23-18-49-47-300000.csv,Data/LiCu_10C-1/before/2025-12-23-16-23-17-300000.csv,Data/LiCu_10C-1/after/2025-12-23-18-49-47-300000.csv,10,R,0.0037,2025/12/23 18:37,2025/12/23 18:51
2025-12-23-18-50-52-300000.csv,Data/LiCu_10C-1/before/2025-12-23-16-23-17-300000.csv,Data/LiCu_10C-1/after/2025-12-23-18-50-52-300000.csv,10,R,0.0002,2025/12/23 18:37,2025/12/23 18:51
2025-12-23-18-58-29-300000.csv,Data/LiCu_10C-1/before/2025-12-23-16-23-17-300000.csv,Data/LiCu_10C-1/after/2025-12-23-18-58-29-300000.csv,11,R,-0.0002,2025/12/23 18:51,2025/12/23 19:06
2025-12-23-18-59-35-300000.csv,Data/LiCu_10C-1/before/2025-12-23-16-23-17-300000.csv,Data/LiCu_10C-1/after/2025-12-23-18-59-35-300000.csv,11,R,0.0,2025/12/23 18:51,2025/12/23 19:06
2025-12-23-19-05-01-300000.csv,Data/LiCu_10C-1/before/2025-12-23-16-23-17-300000.csv,Data/LiCu_10C-1/after/2025-12-23-19-05-01-300000.csv,11,R,0.1524,2025/12/23 18:51,2025/12/23 19:06
2025-12-23-19-06-07-300000.csv,Data/LiCu_10C-1/before/2025-12-23-16-23-17-300000.csv,Data/LiCu_10C-1/after/2025-12-23-19-06-07-300000.csv,11,R,0.1262,2025/12/23 18:51,2025/12/23 19:06
2025-12-23-19-12-39-300000.csv,Data/LiCu_10C-1/before/2025-12-23-16-23-17-300000.csv,Data/LiCu_10C-1/after/2025-12-23-19-12-39-300000.csv,12,R,-0.0002,2025/12/23 19:06,2025/12/23 19:21
2025-12-23-19-13-44-300000.csv,Data/LiCu_10C-1/before/2025-12-23-16-23-17-300000.csv,Data/LiCu_10C-1/after/2025-12-23-19-13-44-300000.csv,12,R,-0.0003,2025/12/23 19:06,2025/12/23 19:21
2025-12-23-19-19-10-300000.csv,Data/LiCu_10C-1/before/2025-12-23-16-23-17-300000.csv,Data/LiCu_10C-1/after/2025-12-23-19-19-10-300000.csv,12,R,0.5664,2025/12/23 19:06,2025/12/23 19:21
2025-12-23-19-20-16-300000.csv,Data/LiCu_10C-1/before/2025-12-23-16-23-17-300000.csv,Data/LiCu_10C-1/after/2025-12-23-19-20-16-300000.csv,12,R,0.0688,2025/12/23 19:06,2025/12/23 19:21
2025-12-23-19-27-53-300000.csv,Data/LiCu_10C-1/before/2025-12-23-16-23-17-300000.csv,Data/LiCu_10C-1/after/2025-12-23-19-27-53-300000.csv,13,R,-0.0003,2025/12/23 19:21,2025/12/23 19:35
2025-12-23-19-34-33-300000.csv,Data/LiCu_10C-1/before/2025-12-23-16-23-17-300000.csv,Data/LiCu_10C-1/after/2025-12-23-19-34-33-300000.csv,13,R,0.0006,2025/12/23 19:21,2025/12/23 19:35
2025-12-23-19-35-38-300000.csv,Data/LiCu_10C-1/before/2025-12-23-16-23-17-300000.csv,Data/LiCu_10C-1/after/2025-12-23-19-35-38-300000.csv,13,R,0.0003,2025/12/23 19:21,2025/12/23 19:35
2025-12-23-19-42-17-300000.csv,Data/LiCu_10C-1/before/2025-12-23-16-23-17-300000.csv,Data/LiCu_10C-1/after/2025-12-23-19-42-17-300000.csv,14,R,-0.0005,2025/12/23 19:35,2025/12/23 19:51
2025-12-23-19-43-23-300000.csv,Data/LiCu_10C-1/before/2025-12-23-16-23-17-300000.csv,Data/LiCu_10C-1/after/2025-12-23-19-43-23-300000.csv,14,R,0.0,2025/12/23 19:35,2025/12/23 19:51
2025-12-23-19-49-55-300000.csv,Data/LiCu_10C-1/before/2025-12-23-16-23-17-300000.csv,Data/LiCu_10C-1/after/2025-12-23-19-49-55-300000.csv,14,R,0.0005,2025/12/23 19:35,2025/12/23 19:51
2025-12-23-19-51-00-300000.csv,Data/LiCu_10C-1/before/2025-12-23-16-23-17-300000.csv,Data/LiCu_10C-1/after/2025-12-23-19-51-00-300000.csv,14,R,-0.0002,2025/12/23 19:35,2025/12/23 19:51
2025-12-23-19-57-32-300000.csv,Data/LiCu_10C-1/before/2025-12-23-16-23-17-300000.csv,Data/LiCu_10C-1/after/2025-12-23-19-57-32-300000.csv,15,R,-0.0002,2025/12/23 19:51,2025/12/23 20:06
2025-12-23-19-58-38-300000.csv,Data/LiCu_10C-1/before/2025-12-23-16-23-17-300000.csv,Data/LiCu_10C-1/after/2025-12-23-19-58-38-300000.csv,15,R,-0.0003,2025/12/23 19:51,2025/12/23 20:06
2025-12-23-20-05-10-300000.csv,Data/LiCu_10C-1/before/2025-12-23-16-23-17-300000.csv,Data/LiCu_10C-1/after/2025-12-23-20-05-10-300000.csv,15,R,0.0003,2025/12/23 19:51,2025/12/23 20:06
2025-12-23-20-12-47-300000.csv,Data/LiCu_10C-1/before/2025-12-23-16-23-17-300000.csv,Data/LiCu_10C-1/after/2025-12-23-20-12-47-300000.csv,16,R,-0.0003,2025/12/23 20:06,2025/12/23 20:21
2025-12-23-20-13-53-300000.csv,Data/LiCu_10C-1/before/2025-12-23-16-23-17-300000.csv,Data/LiCu_10C-1/after/2025-12-23-20-13-53-300000.csv,16,R,-0.0005,2025/12/23 20:06,2025/12/23 20:21
2025-12-23-20-19-19-300000.csv,Data/LiCu_10C-1/before/2025-12-23-16-23-17-300000.csv,Data/LiCu_10C-1/after/2025-12-23-20-19-19-300000.csv,16,R,0.4004,2025/12/23 20:06,2025/12/23 20:21
2025-12-23-20-20-25-300000.csv,Data/LiCu_10C-1/before/2025-12-23-16-23-17-300000.csv,Data/LiCu_10C-1/after/2025-12-23-20-20-25-300000.csv,16,R,0.2835,2025/12/23 20:06,2025/12/23 20:21
2025-12-23-20-28-02-300000.csv,Data/LiCu_10C-1/before/2025-12-23-16-23-17-300000.csv,Data/LiCu_10C-1/after/2025-12-23-20-28-02-300000.csv,17,R,0.0,2025/12/23 20:21,2025/12/23 20:36
2025-12-23-20-29-07-300000.csv,Data/LiCu_10C-1/before/2025-12-23-16-23-17-300000.csv,Data/LiCu_10C-1/after/2025-12-23-20-29-07-300000.csv,17,R,-0.0003,2025/12/23 20:21,2025/12/23 20:36
2025-12-23-20-34-33-300000.csv,Data/LiCu_10C-1/before/2025-12-23-16-23-17-300000.csv,Data/LiCu_10C-1/after/2025-12-23-20-34-33-300000.csv,17,R,0.0691,2025/12/23 20:21,2025/12/23 20:36
2025-12-23-20-35-39-300000.csv,Data/LiCu_10C-1/before/2025-12-23-16-23-17-300000.csv,Data/LiCu_10C-1/after/2025-12-23-20-35-39-300000.csv,17,R,0.0006,2025/12/23 20:21,2025/12/23 20:36
2025-12-23-20-43-16-300000.csv,Data/LiCu_10C-1/before/2025-12-23-16-23-17-300000.csv,Data/LiCu_10C-1/after/2025-12-23-20-43-16-300000.csv,18,R,0.0,2025/12/23 20:36,2025/12/23 20:51
2025-12-23-20-44-21-300000.csv,Data/LiCu_10C-1/before/2025-12-23-16-23-17-300000.csv,Data/LiCu_10C-1/after/2025-12-23-20-44-21-300000.csv,18,R,-0.0002,2025/12/23 20:36,2025/12/23 20:51
2025-12-23-20-49-48-300000.csv,Data/LiCu_10C-1/before/2025-12-23-16-23-17-300000.csv,Data/LiCu_10C-1/after/2025-12-23-20-49-48-300000.csv,18,R,0.005,2025/12/23 20:36,2025/12/23 20:51
2025-12-23-20-50-53-300000.csv,Data/LiCu_10C-1/before/2025-12-23-16-23-17-300000.csv,Data/LiCu_10C-1/after/2025-12-23-20-50-53-300000.csv,18,R,0.0005,2025/12/23 20:36,2025/12/23 20:51
2025-12-23-20-58-31-300000.csv,Data/LiCu_10C-1/before/2025-12-23-16-23-17-300000.csv,Data/LiCu_10C-1/after/2025-12-23-20-58-31-300000.csv,19,R,0.0,2025/12/23 20:51,2025/12/23 21:06
2025-12-23-21-05-03-300000.csv,Data/LiCu_10C-1/before/2025-12-23-16-23-17-300000.csv,Data/LiCu_10C-1/after/2025-12-23-21-05-03-300000.csv,19,R,0.3689,2025/12/23 20:51,2025/12/23 21:06
2025-12-23-21-06-08-300000.csv,Data/LiCu_10C-1/before/2025-12-23-16-23-17-300000.csv,Data/LiCu_10C-1/after/2025-12-23-21-06-08-300000.csv,19,R,0.2367,2025/12/23 20:51,2025/12/23 21:06
2025-12-23-21-12-54-300000.csv,Data/LiCu_10C-1/before/2025-12-23-16-23-17-300000.csv,Data/LiCu_10C-1/after/2025-12-23-21-12-54-300000.csv,20,R,-0.0003,2025/12/23 21:06,2025/12/23 21:21
2025-12-23-21-13-59-300000.csv,Data/LiCu_10C-1/before/2025-12-23-16-23-17-300000.csv,Data/LiCu_10C-1/after/2025-12-23-21-13-59-300000.csv,20,R,0.0,2025/12/23 21:06,2025/12/23 21:21
2025-12-23-21-20-31-300000.csv,Data/LiCu_10C-1/before/2025-12-23-16-23-17-300000.csv,Data/LiCu_10C-1/after/2025-12-23-21-20-31-300000.csv,20,R,0.0002,2025/12/23 21:06,2025/12/23 21:21
2025-12-23-21-21-36-300000.csv,Data/LiCu_10C-1/before/2025-12-23-16-23-17-300000.csv,Data/LiCu_10C-1/after/2025-12-23-21-21-36-300000.csv,20,R,0.0003,2025/12/23 21:06,2025/12/23 21:21
2025-12-23-21-28-09-300000.csv,Data/LiCu_10C-1/before/2025-12-23-16-23-17-300000.csv,Data/LiCu_10C-1/after/2025-12-23-21-28-09-300000.csv,21,R,-0.0003,2025/12/23 21:21,2025/12/23 21:36
2025-12-23-21-29-14-300000.csv,Data/LiCu_10C-1/before/2025-12-23-16-23-17-300000.csv,Data/LiCu_10C-1/after/2025-12-23-21-29-14-300000.csv,21,R,0.0,2025/12/23 21:21,2025/12/23 21:36
2025-12-23-21-35-47-300000.csv,Data/LiCu_10C-1/before/2025-12-23-16-23-17-300000.csv,Data/LiCu_10C-1/after/2025-12-23-21-35-47-300000.csv,21,R,0.2086,2025/12/23 21:21,2025/12/23 21:36
2025-12-23-21-43-24-300000.csv,Data/LiCu_10C-1/before/2025-12-23-16-23-17-300000.csv,Data/LiCu_10C-1/after/2025-12-23-21-43-24-300000.csv,22,R,-0.0005,2025/12/23 21:36,2025/12/23 21:51
2025-12-23-21-44-29-300000.csv,Data/LiCu_10C-1/before/2025-12-23-16-23-17-300000.csv,Data/LiCu_10C-1/after/2025-12-23-21-44-29-300000.csv,22,R,0.0,2025/12/23 21:36,2025/12/23 21:51
2025-12-23-21-49-56-300000.csv,Data/LiCu_10C-1/before/2025-12-23-16-23-17-300000.csv,Data/LiCu_10C-1/after/2025-12-23-21-49-56-300000.csv,22,R,0.0003,2025/12/23 21:36,2025/12/23 21:51
2025-12-23-21-51-01-300000.csv,Data/LiCu_10C-1/before/2025-12-23-16-23-17-300000.csv,Data/LiCu_10C-1/after/2025-12-23-21-51-01-300000.csv,22,R,0.0,2025/12/23 21:36,2025/12/23 21:51
2025-12-23-21-57-41-300000.csv,Data/LiCu_10C-1/before/2025-12-23-16-23-17-300000.csv,Data/LiCu_10C-1/after/2025-12-23-21-57-41-300000.csv,23,R,-0.0006,2025/12/23 21:51,2025/12/23 22:06
2025-12-23-21-58-47-300000.csv,Data/LiCu_10C-1/before/2025-12-23-16-23-17-300000.csv,Data/LiCu_10C-1/after/2025-12-23-21-58-47-300000.csv,23,R,-0.0002,2025/12/23 21:51,2025/12/23 22:06
2025-12-23-22-04-18-300000.csv,Data/LiCu_10C-1/before/2025-12-23-16-23-17-300000.csv,Data/LiCu_10C-1/after/2025-12-23-22-04-18-300000.csv,23,R,0.0116,2025/12/23 21:51,2025/12/23 22:06
2025-12-23-22-05-24-300000.csv,Data/LiCu_10C-1/before/2025-12-23-16-23-17-300000.csv,Data/LiCu_10C-1/after/2025-12-23-22-05-24-300000.csv,23,R,0.0002,2025/12/23 21:51,2025/12/23 22:06
2025-12-23-22-13-01-300000.csv,Data/LiCu_10C-1/before/2025-12-23-16-23-17-300000.csv,Data/LiCu_10C-1/after/2025-12-23-22-13-01-300000.csv,24,R,-0.0003,2025/12/23 22:06,2025/12/23 22:20
2025-12-23-22-14-07-300000.csv,Data/LiCu_10C-1/before/2025-12-23-16-23-17-300000.csv,Data/LiCu_10C-1/after/2025-12-23-22-14-07-300000.csv,24,R,0.0,2025/12/23 22:06,2025/12/23 22:20
2025-12-23-22-19-34-300000.csv,Data/LiCu_10C-1/before/2025-12-23-16-23-17-300000.csv,Data/LiCu_10C-1/after/2025-12-23-22-19-34-300000.csv,24,R,0.0009,2025/12/23 22:06,2025/12/23 22:20
2025-12-23-22-20-39-300000.csv,Data/LiCu_10C-1/before/2025-12-23-16-23-17-300000.csv,Data/LiCu_10C-1/after/2025-12-23-22-20-39-300000.csv,24,R,0.0,2025/12/23 22:06,2025/12/23 22:20
2025-12-23-22-27-12-300000.csv,Data/LiCu_10C-1/before/2025-12-23-16-23-17-300000.csv,Data/LiCu_10C-1/after/2025-12-23-22-27-12-300000.csv,25,R,-0.0005,2025/12/23 22:20,2025/12/23 22:35
2025-12-23-22-28-17-300000.csv,Data/LiCu_10C-1/before/2025-12-23-16-23-17-300000.csv,Data/LiCu_10C-1/after/2025-12-23-22-28-17-300000.csv,25,R,0.0,2025/12/23 22:20,2025/12/23 22:35
2025-12-23-22-33-44-300000.csv,Data/LiCu_10C-1/before/2025-12-23-16-23-17-300000.csv,Data/LiCu_10C-1/after/2025-12-23-22-33-44-300000.csv,25,R,0.0022,2025/12/23 22:20,2025/12/23 22:35
2025-12-23-22-34-50-300000.csv,Data/LiCu_10C-1/before/2025-12-23-16-23-17-300000.csv,Data/LiCu_10C-1/after/2025-12-23-22-34-50-300000.csv,25,R,0.0003,2025/12/23 22:20,2025/12/23 22:35
2025-12-23-22-42-27-300000.csv,Data/LiCu_10C-1/before/2025-12-23-16-23-17-300000.csv,Data/LiCu_10C-1/after/2025-12-23-22-42-27-300000.csv,26,R,-0.0005,2025/12/23 22:35,2025/12/23 22:50
2025-12-23-22-48-59-300000.csv,Data/LiCu_10C-1/before/2025-12-23-16-23-17-300000.csv,Data/LiCu_10C-1/after/2025-12-23-22-48-59-300000.csv,26,R,0.0008,2025/12/23 22:35,2025/12/23 22:50
2025-12-23-22-50-05-300000.csv,Data/LiCu_10C-1/before/2025-12-23-16-23-17-300000.csv,Data/LiCu_10C-1/after/2025-12-23-22-50-05-300000.csv,26,R,0.0002,2025/12/23 22:35,2025/12/23 22:50
2025-12-23-22-56-37-300000.csv,Data/LiCu_10C-1/before/2025-12-23-16-23-17-300000.csv,Data/LiCu_10C-1/after/2025-12-23-22-56-37-300000.csv,27,R,-0.0019,2025/12/23 22:50,2025/12/23 23:05
2025-12-23-22-57-42-300000.csv,Data/LiCu_10C-1/before/2025-12-23-16-23-17-300000.csv,Data/LiCu_10C-1/after/2025-12-23-22-57-42-300000.csv,27,R,-0.0005,2025/12/23 22:50,2025/12/23 23:05
2025-12-23-23-04-15-300000.csv,Data/LiCu_10C-1/before/2025-12-23-16-23-17-300000.csv,Data/LiCu_10C-1/after/2025-12-23-23-04-15-300000.csv,27,R,0.0029,2025/12/23 22:50,2025/12/23 23:05
2025-12-23-23-05-20-300000.csv,Data/LiCu_10C-1/before/2025-12-23-16-23-17-300000.csv,Data/LiCu_10C-1/after/2025-12-23-23-05-20-300000.csv,27,R,0.0002,2025/12/23 22:50,2025/12/23 23:05
2025-12-23-23-11-53-300000.csv,Data/LiCu_10C-1/before/2025-12-23-16-23-17-300000.csv,Data/LiCu_10C-1/after/2025-12-23-23-11-53-300000.csv,28,R,-0.0014,2025/12/23 23:05,2025/12/23 23:20
2025-12-23-23-12-58-300000.csv,Data/LiCu_10C-1/before/2025-12-23-16-23-17-300000.csv,Data/LiCu_10C-1/after/2025-12-23-23-12-58-300000.csv,28,R,-0.0002,2025/12/23 23:05,2025/12/23 23:20
2025-12-23-23-19-31-300000.csv,Data/LiCu_10C-1/before/2025-12-23-16-23-17-300000.csv,Data/LiCu_10C-1/after/2025-12-23-23-19-31-300000.csv,28,R,0.0006,2025/12/23 23:05,2025/12/23 23:20
2025-12-23-23-20-36-300000.csv,Data/LiCu_10C-1/before/2025-12-23-16-23-17-300000.csv,Data/LiCu_10C-1/after/2025-12-23-23-20-36-300000.csv,28,R,0.0002,2025/12/23 23:05,2025/12/23 23:20
2025-12-23-23-27-09-300000.csv,Data/LiCu_10C-1/before/2025-12-23-16-23-17-300000.csv,Data/LiCu_10C-1/after/2025-12-23-23-27-09-300000.csv,29,R,-0.0003,2025/12/23 23:20,2025/12/23 23:36
2025-12-23-23-28-14-300000.csv,Data/LiCu_10C-1/before/2025-12-23-16-23-17-300000.csv,Data/LiCu_10C-1/after/2025-12-23-23-28-14-300000.csv,29,R,-0.0005,2025/12/23 23:20,2025/12/23 23:36
2025-12-23-23-34-46-300000.csv,Data/LiCu_10C-1/before/2025-12-23-16-23-17-300000.csv,Data/LiCu_10C-1/after/2025-12-23-23-34-46-300000.csv,29,R,0.0014,2025/12/23 23:20,2025/12/23 23:36
2025-12-23-23-35-52-300000.csv,Data/LiCu_10C-1/before/2025-12-23-16-23-17-300000.csv,Data/LiCu_10C-1/after/2025-12-23-23-35-52-300000.csv,29,R,0.0002,2025/12/23 23:20,2025/12/23 23:36
2025-12-23-23-42-30-300000.csv,Data/LiCu_10C-1/before/2025-12-23-16-23-17-300000.csv,Data/LiCu_10C-1/after/2025-12-23-23-42-30-300000.csv,30,R,-0.0005,2025/12/23 23:36,2025/12/23 23:51
2025-12-23-23-43-36-300000.csv,Data/LiCu_10C-1/before/2025-12-23-16-23-17-300000.csv,Data/LiCu_10C-1/after/2025-12-23-23-43-36-300000.csv,30,R,-0.0005,2025/12/23 23:36,2025/12/23 23:51
2025-12-23-23-50-08-300000.csv,Data/LiCu_10C-1/before/2025-12-23-16-23-17-300000.csv,Data/LiCu_10C-1/after/2025-12-23-23-50-08-300000.csv,30,R,0.0054,2025/12/23 23:36,2025/12/23 23:51
2025-12-23-23-51-14-300000.csv,Data/LiCu_10C-1/before/2025-12-23-16-23-17-300000.csv,Data/LiCu_10C-1/after/2025-12-23-23-51-14-300000.csv,30,R,0.0006,2025/12/23 23:36,2025/12/23 23:51
2025-12-23-23-57-46-300000.csv,Data/LiCu_10C-1/before/2025-12-23-16-23-17-300000.csv,Data/LiCu_10C-1/after/2025-12-23-23-57-46-300000.csv,31,R,-0.0003,2025/12/23 23:51,2025/12/24 00:06
2025-12-23-23-58-51-300000.csv,Data/LiCu_10C-1/before/2025-12-23-16-23-17-300000.csv,Data/LiCu_10C-1/after/2025-12-23-23-58-51-300000.csv,31,R,-0.0005,2025/12/23 23:51,2025/12/24 00:06
2025-12-24-00-05-24-300000.csv,Data/LiCu_10C-1/before/2025-12-23-16-23-17-300000.csv,Data/LiCu_10C-1/after/2025-12-24-00-05-24-300000.csv,31,R,0.0138,2025/12/23 23:51,2025/12/24 00:06
2025-12-24-00-06-29-300000.csv,Data/LiCu_10C-1/before/2025-12-23-16-23-17-300000.csv,Data/LiCu_10C-1/after/2025-12-24-00-06-29-300000.csv,31,R,0.0014,2025/12/23 23:51,2025/12/24 00:06
2025-12-24-00-13-02-300000.csv,Data/LiCu_10C-1/before/2025-12-23-16-23-17-300000.csv,Data/LiCu_10C-1/after/2025-12-24-00-13-02-300000.csv,32,R,-0.0002,2025/12/24 00:06,2025/12/24 00:21
2025-12-24-00-14-07-300000.csv,Data/LiCu_10C-1/before/2025-12-23-16-23-17-300000.csv,Data/LiCu_10C-1/after/2025-12-24-00-14-07-300000.csv,32,R,-0.0003,2025/12/24 00:06,2025/12/24 00:21
2025-12-24-00-19-34-300000.csv,Data/LiCu_10C-1/before/2025-12-23-16-23-17-300000.csv,Data/LiCu_10C-1/after/2025-12-24-00-19-34-300000.csv,32,R,0.0079,2025/12/24 00:06,2025/12/24 00:21
2025-12-24-00-20-40-300000.csv,Data/LiCu_10C-1/before/2025-12-23-16-23-17-300000.csv,Data/LiCu_10C-1/after/2025-12-24-00-20-40-300000.csv,32,R,0.0,2025/12/24 00:06,2025/12/24 00:21
2025-12-24-00-28-17-300000.csv,Data/LiCu_10C-1/before/2025-12-23-16-23-17-300000.csv,Data/LiCu_10C-1/after/2025-12-24-00-28-17-300000.csv,33,R,0.0,2025/12/24 00:21,2025/12/24 00:36
2025-12-24-00-34-49-300000.csv,Data/LiCu_10C-1/before/2025-12-23-16-23-17-300000.csv,Data/LiCu_10C-1/after/2025-12-24-00-34-49-300000.csv,33,R,0.0033,2025/12/24 00:21,2025/12/24 00:36
2025-12-24-00-35-55-300000.csv,Data/LiCu_10C-1/before/2025-12-23-16-23-17-300000.csv,Data/LiCu_10C-1/after/2025-12-24-00-35-55-300000.csv,33,R,0.0003,2025/12/24 00:21,2025/12/24 00:36
2025-12-24-00-42-27-300000.csv,Data/LiCu_10C-1/before/2025-12-23-16-23-17-300000.csv,Data/LiCu_10C-1/after/2025-12-24-00-42-27-300000.csv,34,R,-0.0006,2025/12/24 00:36,2025/12/24 00:51
2025-12-24-00-43-32-300000.csv,Data/LiCu_10C-1/before/2025-12-23-16-23-17-300000.csv,Data/LiCu_10C-1/after/2025-12-24-00-43-32-300000.csv,34,R,0.0,2025/12/24 00:36,2025/12/24 00:51
2025-12-24-00-50-03-300000.csv,Data/LiCu_10C-1/before/2025-12-23-16-23-17-300000.csv,Data/LiCu_10C-1/after/2025-12-24-00-50-03-300000.csv,34,R,0.0005,2025/12/24 00:36,2025/12/24 00:51
2025-12-24-00-51-09-300000.csv,Data/LiCu_10C-1/before/2025-12-23-16-23-17-300000.csv,Data/LiCu_10C-1/after/2025-12-24-00-51-09-300000.csv,34,R,0.0,2025/12/24 00:36,2025/12/24 00:51
2025-12-24-00-57-41-300000.csv,Data/LiCu_10C-1/before/2025-12-23-16-23-17-300000.csv,Data/LiCu_10C-1/after/2025-12-24-00-57-41-300000.csv,35,R,-0.0006,2025/12/24 00:51,2025/12/24 01:06
2025-12-24-00-58-46-300000.csv,Data/LiCu_10C-1/before/2025-12-23-16-23-17-300000.csv,Data/LiCu_10C-1/after/2025-12-24-00-58-46-300000.csv,35,R,-0.0005,2025/12/24 00:51,2025/12/24 01:06
2025-12-24-01-05-18-300000.csv,Data/LiCu_10C-1/before/2025-12-23-16-23-17-300000.csv,Data/LiCu_10C-1/after/2025-12-24-01-05-18-300000.csv,35,R,0.0019,2025/12/24 00:51,2025/12/24 01:06
2025-12-24-01-06-23-300000.csv,Data/LiCu_10C-1/before/2025-12-23-16-23-17-300000.csv,Data/LiCu_10C-1/after/2025-12-24-01-06-23-300000.csv,35,R,0.0003,2025/12/24 00:51,2025/12/24 01:06
2025-12-24-01-12-55-300000.csv,Data/LiCu_10C-1/before/2025-12-23-16-23-17-300000.csv,Data/LiCu_10C-1/after/2025-12-24-01-12-55-300000.csv,36,R,-0.0008,2025/12/24 01:06,2025/12/24 01:21
2025-12-24-01-14-00-300000.csv,Data/LiCu_10C-1/before/2025-12-23-16-23-17-300000.csv,Data/LiCu_10C-1/after/2025-12-24-01-14-00-300000.csv,36,R,-0.0003,2025/12/24 01:06,2025/12/24 01:21
2025-12-24-01-20-32-300000.csv,Data/LiCu_10C-1/before/2025-12-23-16-23-17-300000.csv,Data/LiCu_10C-1/after/2025-12-24-01-20-32-300000.csv,36,R,0.0005,2025/12/24 01:06,2025/12/24 01:21
2025-12-24-01-28-10-300000.csv,Data/LiCu_10C-1/before/2025-12-23-16-23-17-300000.csv,Data/LiCu_10C-1/after/2025-12-24-01-28-10-300000.csv,37,R,-0.0006,2025/12/24 01:21,2025/12/24 01:36
2025-12-24-01-29-15-300000.csv,Data/LiCu_10C-1/before/2025-12-23-16-23-17-300000.csv,Data/LiCu_10C-1/after/2025-12-24-01-29-15-300000.csv,37,R,-0.0003,2025/12/24 01:21,2025/12/24 01:36
2025-12-24-01-34-42-300000.csv,Data/LiCu_10C-1/before/2025-12-23-16-23-17-300000.csv,Data/LiCu_10C-1/after/2025-12-24-01-34-42-300000.csv,37,R,0.0031,2025/12/24 01:21,2025/12/24 01:36
2025-12-24-01-35-47-300000.csv,Data/LiCu_10C-1/before/2025-12-23-16-23-17-300000.csv,Data/LiCu_10C-1/after/2025-12-24-01-35-47-300000.csv,37,R,0.0003,2025/12/24 01:21,2025/12/24 01:36
2025-12-24-01-43-24-300000.csv,Data/LiCu_10C-1/before/2025-12-23-16-23-17-300000.csv,Data/LiCu_10C-1/after/2025-12-24-01-43-24-300000.csv,38,R,-0.0003,2025/12/24 01:36,2025/12/24 01:51
2025-12-24-01-49-56-300000.csv,Data/LiCu_10C-1/before/2025-12-23-16-23-17-300000.csv,Data/LiCu_10C-1/after/2025-12-24-01-49-56-300000.csv,38,R,0.0505,2025/12/24 01:36,2025/12/24 01:51
2025-12-24-01-51-01-300000.csv,Data/LiCu_10C-1/before/2025-12-23-16-23-17-300000.csv,Data/LiCu_10C-1/after/2025-12-24-01-51-01-300000.csv,38,R,0.0005,2025/12/24 01:36,2025/12/24 01:51
2025-12-24-01-58-37-300000.csv,Data/LiCu_10C-1/before/2025-12-23-16-23-17-300000.csv,Data/LiCu_10C-1/after/2025-12-24-01-58-37-300000.csv,39,R,-0.0002,2025/12/24 01:51,2025/12/24 02:06
2025-12-24-02-05-10-300000.csv,Data/LiCu_10C-1/before/2025-12-23-16-23-17-300000.csv,Data/LiCu_10C-1/after/2025-12-24-02-05-10-300000.csv,39,R,0.0006,2025/12/24 01:51,2025/12/24 02:06
2025-12-24-02-06-15-300000.csv,Data/LiCu_10C-1/before/2025-12-23-16-23-17-300000.csv,Data/LiCu_10C-1/after/2025-12-24-02-06-15-300000.csv,39,R,0.0,2025/12/24 01:51,2025/12/24 02:06
2025-12-24-02-12-47-300000.csv,Data/LiCu_10C-1/before/2025-12-23-16-23-17-300000.csv,Data/LiCu_10C-1/after/2025-12-24-02-12-47-300000.csv,40,R,-0.0006,2025/12/24 02:06,2025/12/24 02:21
2025-12-24-02-13-53-300000.csv,Data/LiCu_10C-1/before/2025-12-23-16-23-17-300000.csv,Data/LiCu_10C-1/after/2025-12-24-02-13-53-300000.csv,40,R,-0.0005,2025/12/24 02:06,2025/12/24 02:21
2025-12-24-02-20-24-300000.csv,Data/LiCu_10C-1/before/2025-12-23-16-23-17-300000.csv,Data/LiCu_10C-1/after/2025-12-24-02-20-24-300000.csv,40,R,0.0006,2025/12/24 02:06,2025/12/24 02:21
2025-12-24-02-28-03-300000.csv,Data/LiCu_10C-1/before/2025-12-23-16-23-17-300000.csv,Data/LiCu_10C-1/after/2025-12-24-02-28-03-300000.csv,41,R,-0.0005,2025/12/24 02:21,2025/12/24 02:36
2025-12-24-02-29-08-300000.csv,Data/LiCu_10C-1/before/2025-12-23-16-23-17-300000.csv,Data/LiCu_10C-1/after/2025-12-24-02-29-08-300000.csv,41,R,0.0,2025/12/24 02:21,2025/12/24 02:36
2025-12-24-02-35-40-300000.csv,Data/LiCu_10C-1/before/2025-12-23-16-23-17-300000.csv,Data/LiCu_10C-1/after/2025-12-24-02-35-40-300000.csv,41,R,0.0003,2025/12/24 02:21,2025/12/24 02:36
2025-12-24-02-36-45-300000.csv,Data/LiCu_10C-1/before/2025-12-23-16-23-17-300000.csv,Data/LiCu_10C-1/after/2025-12-24-02-36-45-300000.csv,41,R,0.0002,2025/12/24 02:21,2025/12/24 02:36
2025-12-24-02-43-17-300000.csv,Data/LiCu_10C-1/before/2025-12-23-16-23-17-300000.csv,Data/LiCu_10C-1/after/2025-12-24-02-43-17-300000.csv,42,R,-0.0003,2025/12/24 02:36,2025/12/24 02:52
2025-12-24-02-44-22-300000.csv,Data/LiCu_10C-1/before/2025-12-23-16-23-17-300000.csv,Data/LiCu_10C-1/after/2025-12-24-02-44-22-300000.csv,42,R,0.0,2025/12/24 02:36,2025/12/24 02:52
2025-12-24-02-50-54-300000.csv,Data/LiCu_10C-1/before/2025-12-23-16-23-17-300000.csv,Data/LiCu_10C-1/after/2025-12-24-02-50-54-300000.csv,42,R,0.0002,2025/12/24 02:36,2025/12/24 02:52
2025-12-24-02-51-59-300000.csv,Data/LiCu_10C-1/before/2025-12-23-16-23-17-300000.csv,Data/LiCu_10C-1/after/2025-12-24-02-51-59-300000.csv,42,R,0.0,2025/12/24 02:36,2025/12/24 02:52
2025-12-24-02-58-31-300000.csv,Data/LiCu_10C-1/before/2025-12-23-16-23-17-300000.csv,Data/LiCu_10C-1/after/2025-12-24-02-58-31-300000.csv,43,R,-0.0008,2025/12/24 02:52,2025/12/24 03:07
2025-12-24-02-59-36-300000.csv,Data/LiCu_10C-1/before/2025-12-23-16-23-17-300000.csv,Data/LiCu_10C-1/after/2025-12-24-02-59-36-300000.csv,43,R,-0.0005,2025/12/24 02:52,2025/12/24 03:07
2025-12-24-03-06-09-300000.csv,Data/LiCu_10C-1/before/2025-12-23-16-23-17-300000.csv,Data/LiCu_10C-1/after/2025-12-24-03-06-09-300000.csv,43,R,0.0008,2025/12/24 02:52,2025/12/24 03:07
2025-12-24-03-07-14-300000.csv,Data/LiCu_10C-1/before/2025-12-23-16-23-17-300000.csv,Data/LiCu_10C-1/after/2025-12-24-03-07-14-300000.csv,43,R,0.0003,2025/12/24 02:52,2025/12/24 03:07
2025-12-24-03-13-46-300000.csv,Data/LiCu_10C-1/before/2025-12-23-16-23-17-300000.csv,Data/LiCu_10C-1/after/2025-12-24-03-13-46-300000.csv,44,R,-0.0012,2025/12/24 03:07,2025/12/24 03:22
2025-12-24-03-14-52-300000.csv,Data/LiCu_10C-1/before/2025-12-23-16-23-17-300000.csv,Data/LiCu_10C-1/after/2025-12-24-03-14-52-300000.csv,44,R,-0.0003,2025/12/24 03:07,2025/12/24 03:22
2025-12-24-03-21-24-300000.csv,Data/LiCu_10C-1/before/2025-12-23-16-23-17-300000.csv,Data/LiCu_10C-1/after/2025-12-24-03-21-24-300000.csv,44,R,0.0008,2025/12/24 03:07,2025/12/24 03:22
2025-12-24-03-22-30-300000.csv,Data/LiCu_10C-1/before/2025-12-23-16-23-17-300000.csv,Data/LiCu_10C-1/after/2025-12-24-03-22-30-300000.csv,44,R,0.0002,2025/12/24 03:07,2025/12/24 03:22
2025-12-24-03-30-13-300000.csv,Data/LiCu_10C-1/before/2025-12-23-16-23-17-300000.csv,Data/LiCu_10C-1/after/2025-12-24-03-30-13-300000.csv,45,R,-0.0006,2025/12/24 03:22,2025/12/24 03:38
2025-12-24-03-36-45-300000.csv,Data/LiCu_10C-1/before/2025-12-23-16-23-17-300000.csv,Data/LiCu_10C-1/after/2025-12-24-03-36-45-300000.csv,45,R,0.0045,2025/12/24 03:22,2025/12/24 03:38
2025-12-24-03-37-50-300000.csv,Data/LiCu_10C-1/before/2025-12-23-16-23-17-300000.csv,Data/LiCu_10C-1/after/2025-12-24-03-37-50-300000.csv,45,R,0.0002,2025/12/24 03:22,2025/12/24 03:38
2025-12-24-03-44-22-300000.csv,Data/LiCu_10C-1/before/2025-12-23-16-23-17-300000.csv,Data/LiCu_10C-1/after/2025-12-24-03-44-22-300000.csv,46,R,-0.0012,2025/12/24 03:38,2025/12/24 03:53
2025-12-24-03-45-27-300000.csv,Data/LiCu_10C-1/before/2025-12-23-16-23-17-300000.csv,Data/LiCu_10C-1/after/2025-12-24-03-45-27-300000.csv,46,R,-0.0002,2025/12/24 03:38,2025/12/24 03:53
2025-12-24-03-59-45-300000.csv,Data/LiCu_10C-1/before/2025-12-23-16-23-17-300000.csv,Data/LiCu_10C-1/after/2025-12-24-03-59-45-300000.csv,47,R,-0.0006,2025/12/24 03:53,2025/12/24 04:07
2025-12-24-04-00-50-300000.csv,Data/LiCu_10C-1/before/2025-12-23-16-23-17-300000.csv,Data/LiCu_10C-1/after/2025-12-24-04-00-50-300000.csv,47,R,0.0,2025/12/24 03:53,2025/12/24 04:07
2025-12-24-04-06-17-300000.csv,Data/LiCu_10C-1/before/2025-12-23-16-23-17-300000.csv,Data/LiCu_10C-1/after/2025-12-24-04-06-17-300000.csv,47,R,0.0006,2025/12/24 03:53,2025/12/24 04:07
2025-12-24-04-07-22-300000.csv,Data/LiCu_10C-1/before/2025-12-23-16-23-17-300000.csv,Data/LiCu_10C-1/after/2025-12-24-04-07-22-300000.csv,47,R,0.0,2025/12/24 03:53,2025/12/24 04:07
2025-12-24-04-13-54-300000.csv,Data/LiCu_10C-1/before/2025-12-23-16-23-17-300000.csv,Data/LiCu_10C-1/after/2025-12-24-04-13-54-300000.csv,48,R,-0.0008,2025/12/24 04:07,2025/12/24 04:21
2025-12-24-04-15-00-300000.csv,Data/LiCu_10C-1/before/2025-12-23-16-23-17-300000.csv,Data/LiCu_10C-1/after/2025-12-24-04-15-00-300000.csv,48,R,-0.0002,2025/12/24 04:07,2025/12/24 04:21
2025-12-24-04-20-26-300000.csv,Data/LiCu_10C-1/before/2025-12-23-16-23-17-300000.csv,Data/LiCu_10C-1/after/2025-12-24-04-20-26-300000.csv,48,R,0.0006,2025/12/24 04:07,2025/12/24 04:21
2025-12-24-04-21-32-300000.csv,Data/LiCu_10C-1/before/2025-12-23-16-23-17-300000.csv,Data/LiCu_10C-1/after/2025-12-24-04-21-32-300000.csv,48,R,0.0,2025/12/24 04:07,2025/12/24 04:21
2025-12-24-04-28-03-300000.csv,Data/LiCu_10C-1/before/2025-12-23-16-23-17-300000.csv,Data/LiCu_10C-1/after/2025-12-24-04-28-03-300000.csv,49,R,-0.0009,2025/12/24 04:21,2025/12/24 04:34
2025-12-24-04-29-08-300000.csv,Data/LiCu_10C-1/before/2025-12-23-16-23-17-300000.csv,Data/LiCu_10C-1/after/2025-12-24-04-29-08-300000.csv,49,R,-0.0002,2025/12/24 04:21,2025/12/24 04:34
2025-12-24-04-33-29-300000.csv,Data/LiCu_10C-1/before/2025-12-23-16-23-17-300000.csv,Data/LiCu_10C-1/after/2025-12-24-04-33-29-300000.csv,49,R,0.0003,2025/12/24 04:21,2025/12/24 04:34
2025-12-24-04-34-35-300000.csv,Data/LiCu_10C-1/before/2025-12-23-16-23-17-300000.csv,Data/LiCu_10C-1/after/2025-12-24-04-34-35-300000.csv,49,R,0.0,2025/12/24 04:21,2025/12/24 04:34
2025-12-24-04-42-18-300000.csv,Data/LiCu_10C-1/before/2025-12-23-16-23-17-300000.csv,Data/LiCu_10C-1/after/2025-12-24-04-42-18-300000.csv,50,R,-0.0005,2025/12/24 04:34,2025/12/24 04:47
2025-12-24-04-45-34-300000.csv,Data/LiCu_10C-1/before/2025-12-23-16-23-17-300000.csv,Data/LiCu_10C-1/after/2025-12-24-04-45-34-300000.csv,50,R,0.0033,2025/12/24 04:34,2025/12/24 04:47
2025-12-24-04-46-39-300000.csv,Data/LiCu_10C-1/before/2025-12-23-16-23-17-300000.csv,Data/LiCu_10C-1/after/2025-12-24-04-46-39-300000.csv,50,R,0.0003,2025/12/24 04:34,2025/12/24 04:47
2025-12-24-04-54-16-300000.csv,Data/LiCu_10C-1/before/2025-12-23-16-23-17-300000.csv,Data/LiCu_10C-1/after/2025-12-24-04-54-16-300000.csv,51,R,-0.0009,2025/12/24 04:47,2025/12/24 04:58
2025-12-24-04-55-22-300000.csv,Data/LiCu_10C-1/before/2025-12-23-16-23-17-300000.csv,Data/LiCu_10C-1/after/2025-12-24-04-55-22-300000.csv,51,R,-0.0008,2025/12/24 04:47,2025/12/24 04:58
2025-12-24-04-56-27-300000.csv,Data/LiCu_10C-1/before/2025-12-23-16-23-17-300000.csv,Data/LiCu_10C-1/after/2025-12-24-04-56-27-300000.csv,51,R,0.0008,2025/12/24 04:47,2025/12/24 04:58
2025-12-24-04-57-32-300000.csv,Data/LiCu_10C-1/before/2025-12-23-16-23-17-300000.csv,Data/LiCu_10C-1/after/2025-12-24-04-57-32-300000.csv,51,R,0.0002,2025/12/24 04:47,2025/12/24 04:58
2025-12-24-05-04-05-300000.csv,Data/LiCu_10C-1/before/2025-12-23-16-23-17-300000.csv,Data/LiCu_10C-1/after/2025-12-24-05-04-05-300000.csv,52,R,-0.0026,2025/12/24 04:58,2025/12/24 05:08
2025-12-24-05-05-10-300000.csv,Data/LiCu_10C-1/before/2025-12-23-16-23-17-300000.csv,Data/LiCu_10C-1/after/2025-12-24-05-05-10-300000.csv,52,R,-0.0003,2025/12/24 04:58,2025/12/24 05:08
2025-12-24-05-07-21-300000.csv,Data/LiCu_10C-1/before/2025-12-23-16-23-17-300000.csv,Data/LiCu_10C-1/after/2025-12-24-05-07-21-300000.csv,52,R,0.0006,2025/12/24 04:58,2025/12/24 05:08
2025-12-24-05-08-26-300000.csv,Data/LiCu_10C-1/before/2025-12-23-16-23-17-300000.csv,Data/LiCu_10C-1/after/2025-12-24-05-08-26-300000.csv,52,R,0.0002,2025/12/24 04:58,2025/12/24 05:08
2025-12-24-05-14-58-300000.csv,Data/LiCu_10C-1/before/2025-12-23-16-23-17-300000.csv,Data/LiCu_10C-1/after/2025-12-24-05-14-58-300000.csv,53,R,-0.0014,2025/12/24 05:08,2025/12/24 05:19
2025-12-24-05-16-04-300000.csv,Data/LiCu_10C-1/before/2025-12-23-16-23-17-300000.csv,Data/LiCu_10C-1/after/2025-12-24-05-16-04-300000.csv,53,R,-0.0008,2025/12/24 05:08,2025/12/24 05:19
2025-12-24-05-17-09-300000.csv,Data/LiCu_10C-1/before/2025-12-23-16-23-17-300000.csv,Data/LiCu_10C-1/after/2025-12-24-05-17-09-300000.csv,53,R,0.3122,2025/12/24 05:08,2025/12/24 05:19
2025-12-24-05-18-14-300000.csv,Data/LiCu_10C-1/before/2025-12-23-16-23-17-300000.csv,Data/LiCu_10C-1/after/2025-12-24-05-18-14-300000.csv,53,R,0.0005,2025/12/24 05:08,2025/12/24 05:19
2025-12-24-05-25-52-300000.csv,Data/LiCu_10C-1/before/2025-12-23-16-23-17-300000.csv,Data/LiCu_10C-1/after/2025-12-24-05-25-52-300000.csv,54,R,-0.0006,2025/12/24 05:19,2025/12/24 05:29
2025-12-24-05-26-57-300000.csv,Data/LiCu_10C-1/before/2025-12-23-16-23-17-300000.csv,Data/LiCu_10C-1/after/2025-12-24-05-26-57-300000.csv,54,R,-0.0006,2025/12/24 05:19,2025/12/24 05:29
2025-12-24-05-28-03-300000.csv,Data/LiCu_10C-1/before/2025-12-23-16-23-17-300000.csv,Data/LiCu_10C-1/after/2025-12-24-05-28-03-300000.csv,54,R,0.0008,2025/12/24 05:19,2025/12/24 05:29
2025-12-24-05-29-08-300000.csv,Data/LiCu_10C-1/before/2025-12-23-16-23-17-300000.csv,Data/LiCu_10C-1/after/2025-12-24-05-29-08-300000.csv,54,R,0.0002,2025/12/24 05:19,2025/12/24 05:29
2025-12-24-05-35-39-300000.csv,Data/LiCu_10C-1/before/2025-12-23-16-23-17-300000.csv,Data/LiCu_10C-1/after/2025-12-24-05-35-39-300000.csv,55,R,-0.0037,2025/12/24 05:29,2025/12/24 05:48
2025-12-24-05-36-45-300000.csv,Data/LiCu_10C-1/before/2025-12-23-16-23-17-300000.csv,Data/LiCu_10C-1/after/2025-12-24-05-36-45-300000.csv,55,R,-0.0005,2025/12/24 05:29,2025/12/24 05:48
2025-12-24-05-46-32-300000.csv,Data/LiCu_10C-1/before/2025-12-23-16-23-17-300000.csv,Data/LiCu_10C-1/after/2025-12-24-05-46-32-300000.csv,55,R,0.111,2025/12/24 05:29,2025/12/24 05:48
2025-12-24-05-54-17-300000.csv,Data/LiCu_10C-1/before/2025-12-23-16-23-17-300000.csv,Data/LiCu_10C-1/after/2025-12-24-05-54-17-300000.csv,56,R,-0.0022,2025/12/24 05:48,2025/12/24 06:03
2025-12-24-05-55-22-300000.csv,Data/LiCu_10C-1/before/2025-12-23-16-23-17-300000.csv,Data/LiCu_10C-1/after/2025-12-24-05-55-22-300000.csv,56,R,-0.0006,2025/12/24 05:48,2025/12/24 06:03
2025-12-24-06-03-00-300000.csv,Data/LiCu_10C-1/before/2025-12-23-16-23-17-300000.csv,Data/LiCu_10C-1/after/2025-12-24-06-03-00-300000.csv,56,R,0.0008,2025/12/24 05:48,2025/12/24 06:03
2025-12-24-06-10-37-300000.csv,Data/LiCu_10C-1/before/2025-12-23-16-23-17-300000.csv,Data/LiCu_10C-1/after/2025-12-24-06-10-37-300000.csv,57,R,-0.0011,2025/12/24 06:03,2025/12/24 06:17
2025-12-24-06-11-42-300000.csv,Data/LiCu_10C-1/before/2025-12-23-16-23-17-300000.csv,Data/LiCu_10C-1/after/2025-12-24-06-11-42-300000.csv,57,R,-0.0006,2025/12/24 06:03,2025/12/24 06:17
2025-12-24-06-16-04-300000.csv,Data/LiCu_10C-1/before/2025-12-23-16-23-17-300000.csv,Data/LiCu_10C-1/after/2025-12-24-06-16-04-300000.csv,57,R,0.1883,2025/12/24 06:03,2025/12/24 06:17
2025-12-24-06-17-09-300000.csv,Data/LiCu_10C-1/before/2025-12-23-16-23-17-300000.csv,Data/LiCu_10C-1/after/2025-12-24-06-17-09-300000.csv,57,R,0.0009,2025/12/24 06:03,2025/12/24 06:17
2025-12-24-06-24-47-300000.csv,Data/LiCu_10C-1/before/2025-12-23-16-23-17-300000.csv,Data/LiCu_10C-1/after/2025-12-24-06-24-47-300000.csv,58,R,-0.0008,2025/12/24 06:17,2025/12/24 06:28
2025-12-24-06-25-52-300000.csv,Data/LiCu_10C-1/before/2025-12-23-16-23-17-300000.csv,Data/LiCu_10C-1/after/2025-12-24-06-25-52-300000.csv,58,R,-0.0003,2025/12/24 06:17,2025/12/24 06:28
2025-12-24-06-26-57-300000.csv,Data/LiCu_10C-1/before/2025-12-23-16-23-17-300000.csv,Data/LiCu_10C-1/after/2025-12-24-06-26-57-300000.csv,58,R,0.0005,2025/12/24 06:17,2025/12/24 06:28
2025-12-24-06-28-03-300000.csv,Data/LiCu_10C-1/before/2025-12-23-16-23-17-300000.csv,Data/LiCu_10C-1/after/2025-12-24-06-28-03-300000.csv,58,R,0.0003,2025/12/24 06:17,2025/12/24 06:28
2025-12-24-06-34-35-300000.csv,Data/LiCu_10C-1/before/2025-12-23-16-23-17-300000.csv,Data/LiCu_10C-1/after/2025-12-24-06-34-35-300000.csv,59,R,-0.0014,2025/12/24 06:28,2025/12/24 06:38
2025-12-24-06-35-40-300000.csv,Data/LiCu_10C-1/before/2025-12-23-16-23-17-300000.csv,Data/LiCu_10C-1/after/2025-12-24-06-35-40-300000.csv,59,R,-0.0005,2025/12/24 06:28,2025/12/24 06:38
2025-12-24-06-36-45-300000.csv,Data/LiCu_10C-1/before/2025-12-23-16-23-17-300000.csv,Data/LiCu_10C-1/after/2025-12-24-06-36-45-300000.csv,59,R,0.0005,2025/12/24 06:28,2025/12/24 06:38
2025-12-24-06-37-50-300000.csv,Data/LiCu_10C-1/before/2025-12-23-16-23-17-300000.csv,Data/LiCu_10C-1/after/2025-12-24-06-37-50-300000.csv,59,R,0.0002,2025/12/24 06:28,2025/12/24 06:38
2025-12-24-06-45-28-300000.csv,Data/LiCu_10C-1/before/2025-12-23-16-23-17-300000.csv,Data/LiCu_10C-1/after/2025-12-24-06-45-28-300000.csv,60,R,-0.0009,2025/12/24 06:38,2025/12/24 07:13
2025-12-24-07-11-36-300000.csv,Data/LiCu_10C-1/before/2025-12-23-16-23-17-300000.csv,Data/LiCu_10C-1/after/2025-12-24-07-11-36-300000.csv,60,R,0.7259,2025/12/24 06:38,2025/12/24 07:13
2025-12-24-07-12-41-300000.csv,Data/LiCu_10C-1/before/2025-12-23-16-23-17-300000.csv,Data/LiCu_10C-1/after/2025-12-24-07-12-41-300000.csv,60,R,0.5218,2025/12/24 06:38,2025/12/24 07:13
2025-12-24-07-20-25-300000.csv,Data/LiCu_10C-1/before/2025-12-23-16-23-17-300000.csv,Data/LiCu_10C-1/after/2025-12-24-07-20-25-300000.csv,61,R,-0.0008,2025/12/24 07:13,2025/12/24 07:29
2025-12-24-07-28-02-300000.csv,Data/LiCu_10C-1/before/2025-12-23-16-23-17-300000.csv,Data/LiCu_10C-1/after/2025-12-24-07-28-02-300000.csv,61,R,0.0011,2025/12/24 07:13,2025/12/24 07:29
2025-12-24-07-29-07-300000.csv,Data/LiCu_10C-1/before/2025-12-23-16-23-17-300000.csv,Data/LiCu_10C-1/after/2025-12-24-07-29-07-300000.csv,61,R,0.0009,2025/12/24 07:13,2025/12/24 07:29
2025-12-24-07-35-39-300000.csv,Data/LiCu_10C-1/before/2025-12-23-16-23-17-300000.csv,Data/LiCu_10C-1/after/2025-12-24-07-35-39-300000.csv,62,R,-0.0036,2025/12/24 07:29,2025/12/24 07:45
2025-12-24-07-36-44-300000.csv,Data/LiCu_10C-1/before/2025-12-23-16-23-17-300000.csv,Data/LiCu_10C-1/after/2025-12-24-07-36-44-300000.csv,62,R,-0.0009,2025/12/24 07:29,2025/12/24 07:45
2025-12-24-07-43-16-300000.csv,Data/LiCu_10C-1/before/2025-12-23-16-23-17-300000.csv,Data/LiCu_10C-1/after/2025-12-24-07-43-16-300000.csv,62,R,0.2598,2025/12/24 07:29,2025/12/24 07:45
2025-12-24-07-44-22-300000.csv,Data/LiCu_10C-1/before/2025-12-23-16-23-17-300000.csv,Data/LiCu_10C-1/after/2025-12-24-07-44-22-300000.csv,62,R,0.0009,2025/12/24 07:29,2025/12/24 07:45
2025-12-24-07-51-59-300000.csv,Data/LiCu_10C-1/before/2025-12-23-16-23-17-300000.csv,Data/LiCu_10C-1/after/2025-12-24-07-51-59-300000.csv,63,R,-0.0012,2025/12/24 07:45,2025/12/24 08:00
2025-12-24-07-58-31-300000.csv,Data/LiCu_10C-1/before/2025-12-23-16-23-17-300000.csv,Data/LiCu_10C-1/after/2025-12-24-07-58-31-300000.csv,63,R,0.1595,2025/12/24 07:45,2025/12/24 08:00
2025-12-24-07-59-36-300000.csv,Data/LiCu_10C-1/before/2025-12-23-16-23-17-300000.csv,Data/LiCu_10C-1/after/2025-12-24-07-59-36-300000.csv,63,R,0.0009,2025/12/24 07:45,2025/12/24 08:00
2025-12-24-08-07-13-300000.csv,Data/LiCu_10C-1/before/2025-12-23-16-23-17-300000.csv,Data/LiCu_10C-1/after/2025-12-24-08-07-13-300000.csv,64,R,-0.0011,2025/12/24 08:00,2025/12/24 08:14
2025-12-24-08-08-18-300000.csv,Data/LiCu_10C-1/before/2025-12-23-16-23-17-300000.csv,Data/LiCu_10C-1/after/2025-12-24-08-08-18-300000.csv,64,R,-0.0008,2025/12/24 08:00,2025/12/24 08:14
2025-12-24-08-12-40-300000.csv,Data/LiCu_10C-1/before/2025-12-23-16-23-17-300000.csv,Data/LiCu_10C-1/after/2025-12-24-08-12-40-300000.csv,64,R,0.0569,2025/12/24 08:00,2025/12/24 08:14
2025-12-24-08-13-45-300000.csv,Data/LiCu_10C-1/before/2025-12-23-16-23-17-300000.csv,Data/LiCu_10C-1/after/2025-12-24-08-13-45-300000.csv,64,R,0.0008,2025/12/24 08:00,2025/12/24 08:14
2025-12-24-08-20-24-300000.csv,Data/LiCu_10C-1/before/2025-12-23-16-23-17-300000.csv,Data/LiCu_10C-1/after/2025-12-24-08-20-24-300000.csv,65,R,-0.0028,2025/12/24 08:14,2025/12/24 08:25
2025-12-24-08-21-29-300000.csv,Data/LiCu_10C-1/before/2025-12-23-16-23-17-300000.csv,Data/LiCu_10C-1/after/2025-12-24-08-21-29-300000.csv,65,R,-0.0005,2025/12/24 08:14,2025/12/24 08:25
2025-12-24-08-24-45-300000.csv,Data/LiCu_10C-1/before/2025-12-23-16-23-17-300000.csv,Data/LiCu_10C-1/after/2025-12-24-08-24-45-300000.csv,65,R,0.0006,2025/12/24 08:14,2025/12/24 08:25
2025-12-24-08-25-50-300000.csv,Data/LiCu_10C-1/before/2025-12-23-16-23-17-300000.csv,Data/LiCu_10C-1/after/2025-12-24-08-25-50-300000.csv,65,R,0.0,2025/12/24 08:14,2025/12/24 08:25
2025-12-24-08-32-22-300000.csv,Data/LiCu_10C-1/before/2025-12-23-16-23-17-300000.csv,Data/LiCu_10C-1/after/2025-12-24-08-32-22-300000.csv,66,R,-0.0019,2025/12/24 08:25,2025/12/24 08:39
2025-12-24-08-33-27-300000.csv,Data/LiCu_10C-1/before/2025-12-23-16-23-17-300000.csv,Data/LiCu_10C-1/after/2025-12-24-08-33-27-300000.csv,66,R,-0.0005,2025/12/24 08:25,2025/12/24 08:39
2025-12-24-08-37-49-300000.csv,Data/LiCu_10C-1/before/2025-12-23-16-23-17-300000.csv,Data/LiCu_10C-1/after/2025-12-24-08-37-49-300000.csv,66,R,0.0012,2025/12/24 08:25,2025/12/24 08:39
2025-12-24-08-46-49-300000.csv,Data/LiCu_10C-1/before/2025-12-23-16-23-17-300000.csv,Data/LiCu_10C-1/after/2025-12-24-08-46-49-300000.csv,67,R,-0.0006,2025/12/24 08:39,2025/12/24 08:51
2025-12-24-08-50-05-300000.csv,Data/LiCu_10C-1/before/2025-12-23-16-23-17-300000.csv,Data/LiCu_10C-1/after/2025-12-24-08-50-05-300000.csv,67,R,0.0008,2025/12/24 08:39,2025/12/24 08:51
2025-12-24-08-51-10-300000.csv,Data/LiCu_10C-1/before/2025-12-23-16-23-17-300000.csv,Data/LiCu_10C-1/after/2025-12-24-08-51-10-300000.csv,67,R,0.0003,2025/12/24 08:39,2025/12/24 08:51
2025-12-24-08-57-42-300000.csv,Data/LiCu_10C-1/before/2025-12-23-16-23-17-300000.csv,Data/LiCu_10C-1/after/2025-12-24-08-57-42-300000.csv,68,R,-0.0022,2025/12/24 08:51,2025/12/24 09:04
2025-12-24-08-58-47-300000.csv,Data/LiCu_10C-1/before/2025-12-23-16-23-17-300000.csv,Data/LiCu_10C-1/after/2025-12-24-08-58-47-300000.csv,68,R,-0.0006,2025/12/24 08:51,2025/12/24 09:04
2025-12-24-09-03-09-300000.csv,Data/LiCu_10C-1/before/2025-12-23-16-23-17-300000.csv,Data/LiCu_10C-1/after/2025-12-24-09-03-09-300000.csv,68,R,0.0008,2025/12/24 08:51,2025/12/24 09:04
2025-12-24-09-04-15-300000.csv,Data/LiCu_10C-1/before/2025-12-23-16-23-17-300000.csv,Data/LiCu_10C-1/after/2025-12-24-09-04-15-300000.csv,68,R,0.0008,2025/12/24 08:51,2025/12/24 09:04
2025-12-24-09-10-47-300000.csv,Data/LiCu_10C-1/before/2025-12-23-16-23-17-300000.csv,Data/LiCu_10C-1/after/2025-12-24-09-10-47-300000.csv,69,R,-0.0014,2025/12/24 09:04,2025/12/24 09:15
2025-12-24-09-11-52-300000.csv,Data/LiCu_10C-1/before/2025-12-23-16-23-17-300000.csv,Data/LiCu_10C-1/after/2025-12-24-09-11-52-300000.csv,69,R,-0.0008,2025/12/24 09:04,2025/12/24 09:15
2025-12-24-09-14-02-300000.csv,Data/LiCu_10C-1/before/2025-12-23-16-23-17-300000.csv,Data/LiCu_10C-1/after/2025-12-24-09-14-02-300000.csv,69,R,0.0002,2025/12/24 09:04,2025/12/24 09:15
2025-12-24-09-21-40-300000.csv,Data/LiCu_10C-1/before/2025-12-23-16-23-17-300000.csv,Data/LiCu_10C-1/after/2025-12-24-09-21-40-300000.csv,70,R,-0.0009,2025/12/24 09:15,2025/12/24 09:50
2025-12-24-09-22-45-300000.csv,Data/LiCu_10C-1/before/2025-12-23-16-23-17-300000.csv,Data/LiCu_10C-1/after/2025-12-24-09-22-45-300000.csv,70,R,-0.0005,2025/12/24 09:15,2025/12/24 09:50
2025-12-24-09-48-54-300000.csv,Data/LiCu_10C-1/before/2025-12-23-16-23-17-300000.csv,Data/LiCu_10C-1/after/2025-12-24-09-48-54-300000.csv,70,R,0.6858,2025/12/24 09:15,2025/12/24 09:50
2025-12-24-09-49-59-300000.csv,Data/LiCu_10C-1/before/2025-12-23-16-23-17-300000.csv,Data/LiCu_10C-1/after/2025-12-24-09-49-59-300000.csv,70,R,0.3404,2025/12/24 09:15,2025/12/24 09:50
2025-12-24-09-57-37-300000.csv,Data/LiCu_10C-1/before/2025-12-23-16-23-17-300000.csv,Data/LiCu_10C-1/after/2025-12-24-09-57-37-300000.csv,71,R,-0.0012,2025/12/24 09:50,2025/12/24 10:08
2025-12-24-09-58-42-300000.csv,Data/LiCu_10C-1/before/2025-12-23-16-23-17-300000.csv,Data/LiCu_10C-1/after/2025-12-24-09-58-42-300000.csv,71,R,-0.0006,2025/12/24 09:50,2025/12/24 10:08
2025-12-24-10-07-25-300000.csv,Data/LiCu_10C-1/before/2025-12-23-16-23-17-300000.csv,Data/LiCu_10C-1/after/2025-12-24-10-07-25-300000.csv,71,R,0.5591,2025/12/24 09:50,2025/12/24 10:08
2025-12-24-10-08-31-300000.csv,Data/LiCu_10C-1/before/2025-12-23-16-23-17-300000.csv,Data/LiCu_10C-1/after/2025-12-24-10-08-31-300000.csv,71,R,0.372,2025/12/24 09:50,2025/12/24 10:08
2025-12-24-10-15-13-300000.csv,Data/LiCu_10C-1/before/2025-12-23-16-23-17-300000.csv,Data/LiCu_10C-1/after/2025-12-24-10-15-13-300000.csv,72,R,-0.0017,2025/12/24 10:08,2025/12/24 10:25
2025-12-24-10-16-19-300000.csv,Data/LiCu_10C-1/before/2025-12-23-16-23-17-300000.csv,Data/LiCu_10C-1/after/2025-12-24-10-16-19-300000.csv,72,R,-0.0008,2025/12/24 10:08,2025/12/24 10:25
2025-12-24-10-23-57-300000.csv,Data/LiCu_10C-1/before/2025-12-23-16-23-17-300000.csv,Data/LiCu_10C-1/after/2025-12-24-10-23-57-300000.csv,72,R,0.2249,2025/12/24 10:08,2025/12/24 10:25
2025-12-24-10-25-02-300000.csv,Data/LiCu_10C-1/before/2025-12-23-16-23-17-300000.csv,Data/LiCu_10C-1/after/2025-12-24-10-25-02-300000.csv,72,R,0.1051,2025/12/24 10:08,2025/12/24 10:25
2025-12-24-10-31-34-300000.csv,Data/LiCu_10C-1/before/2025-12-23-16-23-17-300000.csv,Data/LiCu_10C-1/after/2025-12-24-10-31-34-300000.csv,73,R,-0.002,2025/12/24 10:25,2025/12/24 10:41
2025-12-24-10-32-40-300000.csv,Data/LiCu_10C-1/before/2025-12-23-16-23-17-300000.csv,Data/LiCu_10C-1/after/2025-12-24-10-32-40-300000.csv,73,R,-0.0011,2025/12/24 10:25,2025/12/24 10:41
2025-12-24-10-39-12-300000.csv,Data/LiCu_10C-1/before/2025-12-23-16-23-17-300000.csv,Data/LiCu_10C-1/after/2025-12-24-10-39-12-300000.csv,73,R,0.6492,2025/12/24 10:25,2025/12/24 10:41
2025-12-24-10-40-17-300000.csv,Data/LiCu_10C-1/before/2025-12-23-16-23-17-300000.csv,Data/LiCu_10C-1/after/2025-12-24-10-40-17-300000.csv,73,R,0.3961,2025/12/24 10:25,2025/12/24 10:41
2025-12-24-10-48-02-300000.csv,Data/LiCu_10C-1/before/2025-12-23-16-23-17-300000.csv,Data/LiCu_10C-1/after/2025-12-24-10-48-02-300000.csv,74,R,-0.0011,2025/12/24 10:41,2025/12/24 10:57
2025-12-24-10-55-39-300000.csv,Data/LiCu_10C-1/before/2025-12-23-16-23-17-300000.csv,Data/LiCu_10C-1/after/2025-12-24-10-55-39-300000.csv,74,R,0.7112,2025/12/24 10:41,2025/12/24 10:57
2025-12-24-10-56-44-300000.csv,Data/LiCu_10C-1/before/2025-12-23-16-23-17-300000.csv,Data/LiCu_10C-1/after/2025-12-24-10-56-44-300000.csv,74,R,0.4415,2025/12/24 10:41,2025/12/24 10:57
2025-12-24-11-04-22-300000.csv,Data/LiCu_10C-1/before/2025-12-23-16-23-17-300000.csv,Data/LiCu_10C-1/after/2025-12-24-11-04-22-300000.csv,75,R,-0.0011,2025/12/24 10:57,2025/12/24 11:14
2025-12-24-11-05-27-300000.csv,Data/LiCu_10C-1/before/2025-12-23-16-23-17-300000.csv,Data/LiCu_10C-1/after/2025-12-24-11-05-27-300000.csv,75,R,-0.0006,2025/12/24 10:57,2025/12/24 11:14
2025-12-24-11-13-05-300000.csv,Data/LiCu_10C-1/before/2025-12-23-16-23-17-300000.csv,Data/LiCu_10C-1/after/2025-12-24-11-13-05-300000.csv,75,R,0.4236,2025/12/24 10:57,2025/12/24 11:14
2025-12-24-11-14-10-300000.csv,Data/LiCu_10C-1/before/2025-12-23-16-23-17-300000.csv,Data/LiCu_10C-1/after/2025-12-24-11-14-10-300000.csv,75,R,0.3012,2025/12/24 10:57,2025/12/24 11:14
2025-12-24-11-20-42-300000.csv,Data/LiCu_10C-1/before/2025-12-23-16-23-17-300000.csv,Data/LiCu_10C-1/after/2025-12-24-11-20-42-300000.csv,76,R,-0.0019,2025/12/24 11:14,2025/12/24 11:30
2025-12-24-11-21-48-300000.csv,Data/LiCu_10C-1/before/2025-12-23-16-23-17-300000.csv,Data/LiCu_10C-1/after/2025-12-24-11-21-48-300000.csv,76,R,-0.0012,2025/12/24 11:14,2025/12/24 11:30
2025-12-24-11-28-20-300000.csv,Data/LiCu_10C-1/before/2025-12-23-16-23-17-300000.csv,Data/LiCu_10C-1/after/2025-12-24-11-28-20-300000.csv,76,R,0.6484,2025/12/24 11:14,2025/12/24 11:30
2025-12-24-11-29-26-300000.csv,Data/LiCu_10C-1/before/2025-12-23-16-23-17-300000.csv,Data/LiCu_10C-1/after/2025-12-24-11-29-26-300000.csv,76,R,0.0009,2025/12/24 11:14,2025/12/24 11:30
2025-12-24-11-37-03-300000.csv,Data/LiCu_10C-1/before/2025-12-23-16-23-17-300000.csv,Data/LiCu_10C-1/after/2025-12-24-11-37-03-300000.csv,77,R,-0.0012,2025/12/24 11:30,2025/12/24 11:46
2025-12-24-11-38-08-300000.csv,Data/LiCu_10C-1/before/2025-12-23-16-23-17-300000.csv,Data/LiCu_10C-1/after/2025-12-24-11-38-08-300000.csv,77,R,-0.0008,2025/12/24 11:30,2025/12/24 11:46
2025-12-24-11-44-40-300000.csv,Data/LiCu_10C-1/before/2025-12-23-16-23-17-300000.csv,Data/LiCu_10C-1/after/2025-12-24-11-44-40-300000.csv,77,R,0.1542,2025/12/24 11:30,2025/12/24 11:46
2025-12-24-11-45-46-300000.csv,Data/LiCu_10C-1/before/2025-12-23-16-23-17-300000.csv,Data/LiCu_10C-1/after/2025-12-24-11-45-46-300000.csv,77,R,0.009,2025/12/24 11:30,2025/12/24 11:46
2025-12-24-11-52-23-300000.csv,Data/LiCu_10C-1/before/2025-12-23-16-23-17-300000.csv,Data/LiCu_10C-1/after/2025-12-24-11-52-23-300000.csv,78,R,-0.0036,2025/12/24 11:46,2025/12/24 12:01
2025-12-24-11-53-29-300000.csv,Data/LiCu_10C-1/before/2025-12-23-16-23-17-300000.csv,Data/LiCu_10C-1/after/2025-12-24-11-53-29-300000.csv,78,R,-0.0009,2025/12/24 11:46,2025/12/24 12:01
2025-12-24-12-00-01-300000.csv,Data/LiCu_10C-1/before/2025-12-23-16-23-17-300000.csv,Data/LiCu_10C-1/after/2025-12-24-12-00-01-300000.csv,78,R,0.0391,2025/12/24 11:46,2025/12/24 12:01
2025-12-24-12-01-06-300000.csv,Data/LiCu_10C-1/before/2025-12-23-16-23-17-300000.csv,Data/LiCu_10C-1/after/2025-12-24-12-01-06-300000.csv,78,R,0.0008,2025/12/24 11:46,2025/12/24 12:01
2025-12-24-12-08-49-300000.csv,Data/LiCu_10C-1/before/2025-12-23-16-23-17-300000.csv,Data/LiCu_10C-1/after/2025-12-24-12-08-49-300000.csv,79,R,-0.0009,2025/12/24 12:01,2025/12/24 12:17
2025-12-24-12-15-21-300000.csv,Data/LiCu_10C-1/before/2025-12-23-16-23-17-300000.csv,Data/LiCu_10C-1/after/2025-12-24-12-15-21-300000.csv,79,R,0.7489,2025/12/24 12:01,2025/12/24 12:17
2025-12-24-12-16-26-300000.csv,Data/LiCu_10C-1/before/2025-12-23-16-23-17-300000.csv,Data/LiCu_10C-1/after/2025-12-24-12-16-26-300000.csv,79,R,0.0016,2025/12/24 12:01,2025/12/24 12:17
2025-12-24-12-24-04-300000.csv,Data/LiCu_10C-1/before/2025-12-23-16-23-17-300000.csv,Data/LiCu_10C-1/after/2025-12-24-12-24-04-300000.csv,80,R,-0.0009,2025/12/24 12:17,2025/12/24 12:32
2025-12-24-12-25-10-300000.csv,Data/LiCu_10C-1/before/2025-12-23-16-23-17-300000.csv,Data/LiCu_10C-1/after/2025-12-24-12-25-10-300000.csv,80,R,-0.0003,2025/12/24 12:17,2025/12/24 12:32
2025-12-24-12-30-37-300000.csv,Data/LiCu_10C-1/before/2025-12-23-16-23-17-300000.csv,Data/LiCu_10C-1/after/2025-12-24-12-30-37-300000.csv,80,R,0.0012,2025/12/24 12:17,2025/12/24 12:32
2025-12-24-12-31-42-300000.csv,Data/LiCu_10C-1/before/2025-12-23-16-23-17-300000.csv,Data/LiCu_10C-1/after/2025-12-24-12-31-42-300000.csv,80,R,0.0009,2025/12/24 12:17,2025/12/24 12:32
2025-12-24-12-38-14-300000.csv,Data/LiCu_10C-1/before/2025-12-23-16-23-17-300000.csv,Data/LiCu_10C-1/after/2025-12-24-12-38-14-300000.csv,81,R,-0.0026,2025/12/24 12:32,2025/12/24 12:46
2025-12-24-12-39-20-300000.csv,Data/LiCu_10C-1/before/2025-12-23-16-23-17-300000.csv,Data/LiCu_10C-1/after/2025-12-24-12-39-20-300000.csv,81,R,-0.0005,2025/12/24 12:32,2025/12/24 12:46
2025-12-24-12-44-47-300000.csv,Data/LiCu_10C-1/before/2025-12-23-16-23-17-300000.csv,Data/LiCu_10C-1/after/2025-12-24-12-44-47-300000.csv,81,R,0.0011,2025/12/24 12:32,2025/12/24 12:46
2025-12-24-12-45-53-300000.csv,Data/LiCu_10C-1/before/2025-12-23-16-23-17-300000.csv,Data/LiCu_10C-1/after/2025-12-24-12-45-53-300000.csv,81,R,0.0008,2025/12/24 12:32,2025/12/24 12:46
2025-12-24-12-52-25-300000.csv,Data/LiCu_10C-1/before/2025-12-23-16-23-17-300000.csv,Data/LiCu_10C-1/after/2025-12-24-12-52-25-300000.csv,82,R,-0.0011,2025/12/24 12:46,2025/12/24 13:00
2025-12-24-12-53-31-300000.csv,Data/LiCu_10C-1/before/2025-12-23-16-23-17-300000.csv,Data/LiCu_10C-1/after/2025-12-24-12-53-31-300000.csv,82,R,-0.0005,2025/12/24 12:46,2025/12/24 13:00
2025-12-24-12-58-58-300000.csv,Data/LiCu_10C-1/before/2025-12-23-16-23-17-300000.csv,Data/LiCu_10C-1/after/2025-12-24-12-58-58-300000.csv,82,R,0.0009,2025/12/24 12:46,2025/12/24 13:00
2025-12-24-13-00-03-300000.csv,Data/LiCu_10C-1/before/2025-12-23-16-23-17-300000.csv,Data/LiCu_10C-1/after/2025-12-24-13-00-03-300000.csv,82,R,0.0008,2025/12/24 12:46,2025/12/24 13:00
2025-12-24-13-06-36-300000.csv,Data/LiCu_10C-1/before/2025-12-23-16-23-17-300000.csv,Data/LiCu_10C-1/after/2025-12-24-13-06-36-300000.csv,83,R,-0.0012,2025/12/24 13:00,2025/12/24 13:13
2025-12-24-13-07-42-300000.csv,Data/LiCu_10C-1/before/2025-12-23-16-23-17-300000.csv,Data/LiCu_10C-1/after/2025-12-24-13-07-42-300000.csv,83,R,-0.0008,2025/12/24 13:00,2025/12/24 13:13
2025-12-24-13-12-03-300000.csv,Data/LiCu_10C-1/before/2025-12-23-16-23-17-300000.csv,Data/LiCu_10C-1/after/2025-12-24-13-12-03-300000.csv,83,R,0.0019,2025/12/24 13:00,2025/12/24 13:13
2025-12-24-13-13-09-300000.csv,Data/LiCu_10C-1/before/2025-12-23-16-23-17-300000.csv,Data/LiCu_10C-1/after/2025-12-24-13-13-09-300000.csv,83,R,0.0003,2025/12/24 13:00,2025/12/24 13:13
2025-12-24-13-20-47-300000.csv,Data/LiCu_10C-1/before/2025-12-23-16-23-17-300000.csv,Data/LiCu_10C-1/after/2025-12-24-13-20-47-300000.csv,84,R,-0.0005,2025/12/24 13:13,2025/12/24 13:24
2025-12-24-13-21-52-300000.csv,Data/LiCu_10C-1/before/2025-12-23-16-23-17-300000.csv,Data/LiCu_10C-1/after/2025-12-24-13-21-52-300000.csv,84,R,-0.0006,2025/12/24 13:13,2025/12/24 13:24
2025-12-24-13-22-58-300000.csv,Data/LiCu_10C-1/before/2025-12-23-16-23-17-300000.csv,Data/LiCu_10C-1/after/2025-12-24-13-22-58-300000.csv,84,R,0.0028,2025/12/24 13:13,2025/12/24 13:24
2025-12-24-13-24-03-300000.csv,Data/LiCu_10C-1/before/2025-12-23-16-23-17-300000.csv,Data/LiCu_10C-1/after/2025-12-24-13-24-03-300000.csv,84,R,0.0,2025/12/24 13:13,2025/12/24 13:24
2025-12-24-13-31-42-300000.csv,Data/LiCu_10C-1/before/2025-12-23-16-23-17-300000.csv,Data/LiCu_10C-1/after/2025-12-24-13-31-42-300000.csv,85,R,-0.0011,2025/12/24 13:24,2025/12/24 13:39
2025-12-24-13-32-47-300000.csv,Data/LiCu_10C-1/before/2025-12-23-16-23-17-300000.csv,Data/LiCu_10C-1/after/2025-12-24-13-32-47-300000.csv,85,R,-0.0003,2025/12/24 13:24,2025/12/24 13:39
2025-12-24-13-38-14-300000.csv,Data/LiCu_10C-1/before/2025-12-23-16-23-17-300000.csv,Data/LiCu_10C-1/after/2025-12-24-13-38-14-300000.csv,85,R,0.0011,2025/12/24 13:24,2025/12/24 13:39
2025-12-24-13-39-19-300000.csv,Data/LiCu_10C-1/before/2025-12-23-16-23-17-300000.csv,Data/LiCu_10C-1/after/2025-12-24-13-39-19-300000.csv,85,R,0.0005,2025/12/24 13:24,2025/12/24 13:39
2025-12-24-13-45-59-300000.csv,Data/LiCu_10C-1/before/2025-12-23-16-23-17-300000.csv,Data/LiCu_10C-1/after/2025-12-24-13-45-59-300000.csv,86,R,-0.0012,2025/12/24 13:39,2025/12/24 14:07
2025-12-24-13-47-04-300000.csv,Data/LiCu_10C-1/before/2025-12-23-16-23-17-300000.csv,Data/LiCu_10C-1/after/2025-12-24-13-47-04-300000.csv,86,R,-0.0006,2025/12/24 13:39,2025/12/24 14:07
2025-12-24-14-05-42-300000.csv,Data/LiCu_10C-1/before/2025-12-23-16-23-17-300000.csv,Data/LiCu_10C-1/after/2025-12-24-14-05-42-300000.csv,86,R,0.8536,2025/12/24 13:39,2025/12/24 14:07
2025-12-24-14-06-47-300000.csv,Data/LiCu_10C-1/before/2025-12-23-16-23-17-300000.csv,Data/LiCu_10C-1/after/2025-12-24-14-06-47-300000.csv,86,R,0.4946,2025/12/24 13:39,2025/12/24 14:07
2025-12-24-14-14-25-300000.csv,Data/LiCu_10C-1/before/2025-12-23-16-23-17-300000.csv,Data/LiCu_10C-1/after/2025-12-24-14-14-25-300000.csv,87,R,-0.0014,2025/12/24 14:07,2025/12/24 14:23
2025-12-24-14-15-30-300000.csv,Data/LiCu_10C-1/before/2025-12-23-16-23-17-300000.csv,Data/LiCu_10C-1/after/2025-12-24-14-15-30-300000.csv,87,R,-0.0008,2025/12/24 14:07,2025/12/24 14:23
2025-12-24-14-22-03-300000.csv,Data/LiCu_10C-1/before/2025-12-23-16-23-17-300000.csv,Data/LiCu_10C-1/after/2025-12-24-14-22-03-300000.csv,87,R,0.0043,2025/12/24 14:07,2025/12/24 14:23
2025-12-24-14-23-09-300000.csv,Data/LiCu_10C-1/before/2025-12-23-16-23-17-300000.csv,Data/LiCu_10C-1/after/2025-12-24-14-23-09-300000.csv,87,R,0.0009,2025/12/24 14:07,2025/12/24 14:23
2025-12-24-14-30-47-300000.csv,Data/LiCu_10C-1/before/2025-12-23-16-23-17-300000.csv,Data/LiCu_10C-1/after/2025-12-24-14-30-47-300000.csv,88,R,-0.0012,2025/12/24 14:23,2025/12/24 14:39
2025-12-24-14-31-52-300000.csv,Data/LiCu_10C-1/before/2025-12-23-16-23-17-300000.csv,Data/LiCu_10C-1/after/2025-12-24-14-31-52-300000.csv,88,R,-0.0009,2025/12/24 14:23,2025/12/24 14:39
2025-12-24-14-38-25-300000.csv,Data/LiCu_10C-1/before/2025-12-23-16-23-17-300000.csv,Data/LiCu_10C-1/after/2025-12-24-14-38-25-300000.csv,88,R,0.0033,2025/12/24 14:23,2025/12/24 14:39
2025-12-24-14-39-31-300000.csv,Data/LiCu_10C-1/before/2025-12-23-16-23-17-300000.csv,Data/LiCu_10C-1/after/2025-12-24-14-39-31-300000.csv,88,R,0.0006,2025/12/24 14:23,2025/12/24 14:39
2025-12-24-14-46-03-300000.csv,Data/LiCu_10C-1/before/2025-12-23-16-23-17-300000.csv,Data/LiCu_10C-1/after/2025-12-24-14-46-03-300000.csv,89,R,-0.0048,2025/12/24 14:39,2025/12/24 14:54
2025-12-24-14-47-08-300000.csv,Data/LiCu_10C-1/before/2025-12-23-16-23-17-300000.csv,Data/LiCu_10C-1/after/2025-12-24-14-47-08-300000.csv,89,R,-0.0009,2025/12/24 14:39,2025/12/24 14:54
2025-12-24-14-52-34-300000.csv,Data/LiCu_10C-1/before/2025-12-23-16-23-17-300000.csv,Data/LiCu_10C-1/after/2025-12-24-14-52-34-300000.csv,89,R,0.0026,2025/12/24 14:39,2025/12/24 14:54
2025-12-24-14-53-40-300000.csv,Data/LiCu_10C-1/before/2025-12-23-16-23-17-300000.csv,Data/LiCu_10C-1/after/2025-12-24-14-53-40-300000.csv,89,R,0.0005,2025/12/24 14:39,2025/12/24 14:54
2025-12-24-15-01-18-300000.csv,Data/LiCu_10C-1/before/2025-12-23-16-23-17-300000.csv,Data/LiCu_10C-1/after/2025-12-24-15-01-18-300000.csv,90,R,-0.0003,2025/12/24 14:54,2025/12/24 15:06
2025-12-24-15-02-26-300000.csv,Data/LiCu_10C-1/before/2025-12-23-16-23-17-300000.csv,Data/LiCu_10C-1/after/2025-12-24-15-02-26-300000.csv,90,R,-0.0005,2025/12/24 14:54,2025/12/24 15:06
2025-12-24-15-05-42-300000.csv,Data/LiCu_10C-1/before/2025-12-23-16-23-17-300000.csv,Data/LiCu_10C-1/after/2025-12-24-15-05-42-300000.csv,90,R,0.0009,2025/12/24 14:54,2025/12/24 15:06
2025-12-24-15-13-20-300000.csv,Data/LiCu_10C-1/before/2025-12-23-16-23-17-300000.csv,Data/LiCu_10C-1/after/2025-12-24-15-13-20-300000.csv,91,R,-0.0006,2025/12/24 15:06,2025/12/24 15:18
2025-12-24-15-14-25-300000.csv,Data/LiCu_10C-1/before/2025-12-23-16-23-17-300000.csv,Data/LiCu_10C-1/after/2025-12-24-15-14-25-300000.csv,91,R,-0.0005,2025/12/24 15:06,2025/12/24 15:18
2025-12-24-15-16-36-300000.csv,Data/LiCu_10C-1/before/2025-12-23-16-23-17-300000.csv,Data/LiCu_10C-1/after/2025-12-24-15-16-36-300000.csv,91,R,0.1172,2025/12/24 15:06,2025/12/24 15:18
2025-12-24-15-17-42-300000.csv,Data/LiCu_10C-1/before/2025-12-23-16-23-17-300000.csv,Data/LiCu_10C-1/after/2025-12-24-15-17-42-300000.csv,91,R,0.0005,2025/12/24 15:06,2025/12/24 15:18
2025-12-24-15-25-20-300000.csv,Data/LiCu_10C-1/before/2025-12-23-16-23-17-300000.csv,Data/LiCu_10C-1/after/2025-12-24-15-25-20-300000.csv,92,R,-0.0003,2025/12/24 15:18,2025/12/24 15:30
2025-12-24-15-28-37-300000.csv,Data/LiCu_10C-1/before/2025-12-23-16-23-17-300000.csv,Data/LiCu_10C-1/after/2025-12-24-15-28-37-300000.csv,92,R,0.0016,2025/12/24 15:18,2025/12/24 15:30
2025-12-24-15-29-42-300000.csv,Data/LiCu_10C-1/before/2025-12-23-16-23-17-300000.csv,Data/LiCu_10C-1/after/2025-12-24-15-29-42-300000.csv,92,R,0.0005,2025/12/24 15:18,2025/12/24 15:30
2025-12-24-15-37-20-300000.csv,Data/LiCu_10C-1/before/2025-12-23-16-23-17-300000.csv,Data/LiCu_10C-1/after/2025-12-24-15-37-20-300000.csv,93,R,-0.0009,2025/12/24 15:30,2025/12/24 15:47
2025-12-24-15-38-26-300000.csv,Data/LiCu_10C-1/before/2025-12-23-16-23-17-300000.csv,Data/LiCu_10C-1/after/2025-12-24-15-38-26-300000.csv,93,R,-0.0006,2025/12/24 15:30,2025/12/24 15:47
2025-12-24-15-46-03-300000.csv,Data/LiCu_10C-1/before/2025-12-23-16-23-17-300000.csv,Data/LiCu_10C-1/after/2025-12-24-15-46-03-300000.csv,93,R,0.4517,2025/12/24 15:30,2025/12/24 15:47
2025-12-24-15-47-09-300000.csv,Data/LiCu_10C-1/before/2025-12-23-16-23-17-300000.csv,Data/LiCu_10C-1/after/2025-12-24-15-47-09-300000.csv,93,R,0.1931,2025/12/24 15:30,2025/12/24 15:47
2025-12-24-15-53-42-300000.csv,Data/LiCu_10C-1/before/2025-12-23-16-23-17-300000.csv,Data/LiCu_10C-1/after/2025-12-24-15-53-42-300000.csv,94,R,-0.0023,2025/12/24 15:47,2025/12/24 16:05
2025-12-24-15-54-47-300000.csv,Data/LiCu_10C-1/before/2025-12-23-16-23-17-300000.csv,Data/LiCu_10C-1/after/2025-12-24-15-54-47-300000.csv,94,R,-0.0003,2025/12/24 15:47,2025/12/24 16:05
2025-12-24-16-03-37-300000.csv,Data/LiCu_10C-1/before/2025-12-23-16-23-17-300000.csv,Data/LiCu_10C-1/after/2025-12-24-16-03-37-300000.csv,94,R,0.1567,2025/12/24 15:47,2025/12/24 16:05
2025-12-24-16-04-43-300000.csv,Data/LiCu_10C-1/before/2025-12-23-16-23-17-300000.csv,Data/LiCu_10C-1/after/2025-12-24-16-04-43-300000.csv,94,R,0.0009,2025/12/24 15:47,2025/12/24 16:05
2025-12-24-16-12-20-300000.csv,Data/LiCu_10C-1/before/2025-12-23-16-23-17-300000.csv,Data/LiCu_10C-1/after/2025-12-24-16-12-20-300000.csv,95,R,-0.0012,2025/12/24 16:05,2025/12/24 16:19
2025-12-24-16-17-53-300000.csv,Data/LiCu_10C-1/before/2025-12-23-16-23-17-300000.csv,Data/LiCu_10C-1/after/2025-12-24-16-17-53-300000.csv,95,R,0.0012,2025/12/24 16:05,2025/12/24 16:19
2025-12-24-16-18-58-300000.csv,Data/LiCu_10C-1/before/2025-12-23-16-23-17-300000.csv,Data/LiCu_10C-1/after/2025-12-24-16-18-58-300000.csv,95,R,0.0002,2025/12/24 16:05,2025/12/24 16:19
2025-12-24-16-25-31-300000.csv,Data/LiCu_10C-1/before/2025-12-23-16-23-17-300000.csv,Data/LiCu_10C-1/after/2025-12-24-16-25-31-300000.csv,96,R,-0.0037,2025/12/24 16:19,2025/12/24 16:31
2025-12-24-16-26-37-300000.csv,Data/LiCu_10C-1/before/2025-12-23-16-23-17-300000.csv,Data/LiCu_10C-1/after/2025-12-24-16-26-37-300000.csv,96,R,-0.0006,2025/12/24 16:19,2025/12/24 16:31
2025-12-24-16-29-53-300000.csv,Data/LiCu_10C-1/before/2025-12-23-16-23-17-300000.csv,Data/LiCu_10C-1/after/2025-12-24-16-29-53-300000.csv,96,R,0.0014,2025/12/24 16:19,2025/12/24 16:31
2025-12-24-16-30-59-300000.csv,Data/LiCu_10C-1/before/2025-12-23-16-23-17-300000.csv,Data/LiCu_10C-1/after/2025-12-24-16-30-59-300000.csv,96,R,0.0003,2025/12/24 16:19,2025/12/24 16:31
2025-12-24-16-38-35-300000.csv,Data/LiCu_10C-1/before/2025-12-23-16-23-17-300000.csv,Data/LiCu_10C-1/after/2025-12-24-16-38-35-300000.csv,97,R,-0.0008,2025/12/24 16:31,2025/12/24 16:42
2025-12-24-16-41-51-300000.csv,Data/LiCu_10C-1/before/2025-12-23-16-23-17-300000.csv,Data/LiCu_10C-1/after/2025-12-24-16-41-51-300000.csv,97,R,0.0003,2025/12/24 16:31,2025/12/24 16:42
2025-12-24-16-42-56-300000.csv,Data/LiCu_10C-1/before/2025-12-23-16-23-17-300000.csv,Data/LiCu_10C-1/after/2025-12-24-16-42-56-300000.csv,97,R,0.0003,2025/12/24 16:31,2025/12/24 16:42
