3.0000000e-08,9.42060e-03
8.0000000e-08,8.47790e-03
1.3000000e-07,8.47790e-03
1.8000000e-07,1.17710e-02
2.3000000e-07,1.17710e-02
2.8000000e-07,1.29920e-02
3.3000000e-07,1.29920e-02
3.8000000e-07,1.37150e-02
4.3000000e-07,1.37150e-02
4.8000000e-07,1.39370e-02
5.3000000e-07,1.25440e-02
5.8000000e-07,1.30850e-02
6.3000000e-07,1.12360e-02
6.8000000e-07,1.39050e-02
7.3000000e-07,1.25780e-02
7.8000000e-07,1.15310e-02
8.3000000e-07,1.15310e-02
8.8000000e-07,1.11350e-02
9.3000000e-07,9.74010e-03
9.8000000e-07,1.01940e-02
1.0300000e-06,7.91000e-03
1.0800000e-06,8.64380e-03
1.1300000e-06,7.27640e-03
1.1800000e-06,7.27640e-03
1.2300000e-06,6.08200e-03
1.2800000e-06,3.72490e-03
1.3300000e-06,2.55080e-03
1.3800000e-06,3.63490e-03
1.4300000e-06,1.60060e-03
1.4800000e-06,2.28330e-03
1.5300000e-06,-1.03970e-03
1.5800000e-06,-7.36010e-05
1.6300000e-06,-1.56760e-03
1.6800000e-06,-2.23350e-03
1.7300000e-06,-2.57950e-03
1.7800000e-06,-2.57950e-03
1.8300000e-06,-3.96070e-03
1.8800000e-06,-5.32310e-03
1.9300000e-06,-4.17770e-03
1.9800000e-06,-5.44330e-03
2.0300000e-06,-5.13040e-03
2.0800000e-06,-5.94790e-03
2.1300000e-06,-4.62040e-03
2.1800000e-06,-4.48160e-03
2.2300000e-06,-2.49660e-03
2.2800000e-06,-4.16910e-03
2.3300000e-06,-3.10700e-03
2.3800000e-06,-3.10700e-03
2.4300000e-06,-2.73660e-04
2.4800000e-06,-1.24510e-03
2.5300000e-06,1.02680e-03
2.5800000e-06,1.50080e-03
2.6300000e-06,3.44830e-03
2.6800000e-06,5.20730e-03
2.7300000e-06,5.20730e-03
2.7800000e-06,6.62420e-03
2.8300000e-06,9.15680e-03
2.8800000e-06,7.84650e-03
2.9300000e-06,1.12220e-02
2.9800000e-06,1.37590e-02
3.0300000e-06,1.27390e-02
3.0800000e-06,1.56830e-02
3.1300000e-06,1.67580e-02
3.1800000e-06,1.72380e-02
3.2300000e-06,1.72380e-02
3.2800000e-06,2.13320e-02
3.3300000e-06,2.13320e-02
3.3800000e-06,2.12060e-02
3.4300000e-06,2.24030e-02
3.4800000e-06,2.26260e-02
3.5300000e-06,2.50000e-02
3.5800000e-06,2.46090e-02
3.6300000e-06,2.46090e-02
3.6800000e-06,2.41950e-02
3.7300000e-06,2.41950e-02
3.7800000e-06,2.41950e-02
3.8300000e-06,2.41210e-02
3.8800000e-06,2.20160e-02
3.9300000e-06,2.02440e-02
3.9800000e-06,1.97440e-02
4.0300000e-06,1.96740e-02
4.0800000e-06,1.85820e-02
4.1300000e-06,1.60610e-02
4.1800000e-06,1.41510e-02
4.2300000e-06,1.40330e-02
4.2800000e-06,1.28320e-02
4.3300000e-06,1.28320e-02
4.3800000e-06,8.58690e-03
4.4300000e-06,8.43860e-03
4.4800000e-06,6.03840e-03
4.5300000e-06,5.19000e-03
4.5800000e-06,4.13930e-03
4.6300000e-06,2.42150e-03
4.6800000e-06,1.08940e-03
4.7300000e-06,-4.82420e-04
4.7800000e-06,-2.86740e-03
4.8300000e-06,-2.61820e-03
4.8800000e-06,-3.38860e-03
4.9300000e-06,-4.37940e-03
4.9800000e-06,-7.54150e-03
5.0300000e-06,-7.11220e-03
5.0800000e-06,-8.46340e-03
5.1300000e-06,-8.43930e-03
5.1800000e-06,-9.00520e-03
5.2300000e-06,-1.01150e-02
5.2800000e-06,-9.59950e-03
5.3300000e-06,-9.81610e-03
5.3800000e-06,-8.93450e-03
5.4300000e-06,-9.85770e-03
5.4800000e-06,-9.82310e-03
5.5300000e-06,-8.60540e-03
5.5800000e-06,-6.11410e-03
5.6300000e-06,-5.87930e-03
5.6800000e-06,-5.09990e-03
5.7300000e-06,-4.44640e-03
5.7800000e-06,-4.44640e-03
5.8300000e-06,-1.24110e-03
5.8800000e-06,6.24830e-04
5.9300000e-06,9.01370e-04
5.9800000e-06,1.36760e-03
6.0300000e-06,3.04750e-03
6.0800000e-06,5.60480e-03
6.1300000e-06,6.71600e-03
6.1800000e-06,8.77560e-03
6.2300000e-06,8.77560e-03
6.2800000e-06,1.01370e-02
6.3300000e-06,9.96330e-03
6.3800000e-06,1.37370e-02
6.4300000e-06,1.45060e-02
6.4800000e-06,1.76330e-02
6.5300000e-06,1.81280e-02
6.5800000e-06,2.01290e-02
6.6300000e-06,2.08120e-02
6.6800000e-06,2.15010e-02
6.7300000e-06,2.02970e-02
6.7800000e-06,2.18900e-02
6.8300000e-06,2.35390e-02
6.8800000e-06,2.42550e-02
6.9300000e-06,2.21150e-02
6.9800000e-06,2.19870e-02
7.0300000e-06,2.19870e-02
7.0800000e-06,2.38280e-02
7.1300000e-06,2.38280e-02
7.1800000e-06,2.11640e-02
7.2300000e-06,2.20420e-02
7.2800000e-06,2.16540e-02
7.3300000e-06,1.78740e-02
7.3800000e-06,1.78740e-02
7.4300000e-06,1.81380e-02
7.4800000e-06,1.68270e-02
7.5300000e-06,1.51690e-02
7.5800000e-06,1.35810e-02
7.6300000e-06,1.33640e-02
7.6800000e-06,1.28480e-02
7.7300000e-06,8.80080e-03
7.7800000e-06,8.32080e-03
7.8300000e-06,7.00810e-03
7.8800000e-06,4.65090e-03
7.9300000e-06,2.79780e-03
7.9800000e-06,2.79780e-03
8.0300000e-06,4.39070e-04
8.0800000e-06,-7.65880e-04
8.1300000e-06,-1.56280e-03
8.1800000e-06,-1.56280e-03
8.2300000e-06,-4.09120e-03
8.2800000e-06,-5.24760e-03
8.3300000e-06,-5.96220e-03
8.3800000e-06,-7.03390e-03
8.4300000e-06,-7.50960e-03
8.4800000e-06,-7.50960e-03
8.5300000e-06,-8.76230e-03
8.5800000e-06,-8.98050e-03
8.6300000e-06,-1.00660e-02
8.6800000e-06,-9.84290e-03
8.7300000e-06,-1.05190e-02
8.7800000e-06,-9.00380e-03
8.8300000e-06,-9.59160e-03
8.8800000e-06,-8.14600e-03
8.9300000e-06,-8.24060e-03
8.9800000e-06,-6.40040e-03
9.0300000e-06,-3.94280e-03
9.0800000e-06,-5.64320e-03
9.1300000e-06,-3.11770e-03
9.1800000e-06,-2.94840e-03
9.2300000e-06,-5.61340e-04
9.2800000e-06,6.04600e-04
9.3300000e-06,3.58520e-03
9.3800000e-06,3.58520e-03
9.4300000e-06,5.28470e-03
9.4800000e-06,5.74100e-03
9.5300000e-06,8.43630e-03
9.5800000e-06,8.40370e-03
9.6300000e-06,1.12410e-02
9.6800000e-06,1.06870e-02
9.7300000e-06,1.41000e-02
9.7800000e-06,1.41090e-02
9.8300000e-06,1.52010e-02
9.8800000e-06,1.73410e-02
9.9300000e-06,1.87450e-02
9.9800000e-06,1.91880e-02
1.0030000e-05,2.13240e-02
1.0080000e-05,2.13240e-02
1.0130000e-05,2.27140e-02
1.0180000e-05,2.31880e-02
1.0230000e-05,2.31880e-02
1.0280000e-05,2.40510e-02
1.0330000e-05,2.24790e-02
1.0380000e-05,2.30800e-02
1.0430000e-05,2.27990e-02
1.0480000e-05,2.15930e-02
1.0530000e-05,2.25280e-02
1.0580000e-05,2.07160e-02
1.0630000e-05,2.03680e-02
1.0680000e-05,1.93550e-02
1.0730000e-05,1.83040e-02
1.0780000e-05,1.83040e-02
1.0830000e-05,1.59790e-02
1.0880000e-05,1.69260e-02
1.0930000e-05,1.21230e-02
1.0980000e-05,1.21220e-02
1.1030000e-05,1.14880e-02
1.1080000e-05,8.59800e-03
1.1130000e-05,7.67780e-03
1.1180000e-05,6.19460e-03
1.1230000e-05,4.85400e-03
1.1280000e-05,3.81840e-03
1.1330000e-05,1.98700e-03
1.1380000e-05,-1.30980e-03
1.1430000e-05,-8.70360e-04
1.1480000e-05,-8.70360e-04
1.1530000e-05,-5.84430e-03
1.1580000e-05,-5.84430e-03
1.1630000e-05,-5.33190e-03
1.1680000e-05,-7.46400e-03
1.1730000e-05,-6.33180e-03
1.1780000e-05,-7.73540e-03
1.1830000e-05,-6.89760e-03
1.1880000e-05,-6.89760e-03
1.1930000e-05,-8.49350e-03
1.1980000e-05,-9.54110e-03
1.2030000e-05,-8.73450e-03
1.2080000e-05,-8.73420e-03
1.2130000e-05,-8.31470e-03
1.2180000e-05,-6.87190e-03
1.2230000e-05,-6.87190e-03
1.2280000e-05,-7.48320e-03
1.2330000e-05,-5.37730e-03
1.2380000e-05,-5.66950e-03
1.2430000e-05,-2.92990e-03
1.2480000e-05,-3.10710e-03
1.2530000e-05,-2.06320e-03
1.2580000e-05,4.16390e-04
1.2630000e-05,1.44130e-03
1.2680000e-05,1.75390e-03
1.2730000e-05,5.49090e-03
1.2780000e-05,5.59580e-03
1.2830000e-05,6.69080e-03
1.2880000e-05,9.02040e-03
1.2930000e-05,9.67270e-03
1.2980000e-05,1.15260e-02
1.3030000e-05,1.17560e-02
1.3080000e-05,1.49040e-02
1.3130000e-05,1.48280e-02
1.3180000e-05,1.60710e-02
1.3230000e-05,1.77980e-02
1.3280000e-05,1.94040e-02
1.3330000e-05,2.06210e-02
1.3380000e-05,2.06850e-02
1.3430000e-05,2.18100e-02
1.3480000e-05,2.27910e-02
1.3530000e-05,2.28080e-02
1.3580000e-05,2.34560e-02
1.3630000e-05,2.35650e-02
1.3680000e-05,2.35650e-02
1.3730000e-05,2.53790e-02
1.3780000e-05,2.44660e-02
1.3830000e-05,2.55680e-02
1.3880000e-05,2.60590e-02
1.3930000e-05,2.37350e-02
1.3980000e-05,2.36820e-02
1.4030000e-05,2.41320e-02
1.4080000e-05,2.24570e-02
1.4130000e-05,2.09800e-02
1.4180000e-05,2.08630e-02
1.4230000e-05,1.97430e-02
1.4280000e-05,1.65780e-02
1.4330000e-05,1.64170e-02
1.4380000e-05,1.51460e-02
1.4430000e-05,1.48770e-02
1.4480000e-05,1.15000e-02
1.4530000e-05,6.27210e-03
1.4580000e-05,6.27210e-03
1.4630000e-05,8.34980e-03
1.4680000e-05,5.90470e-03
1.4730000e-05,2.18610e-03
1.4780000e-05,1.51710e-03
1.4830000e-05,-3.83150e-05
1.4880000e-05,-1.01110e-03
1.4930000e-05,-4.04300e-03
1.4980000e-05,-5.24770e-03
1.5030000e-05,-6.37440e-03
1.5080000e-05,-6.61210e-03
1.5130000e-05,-8.08140e-03
1.5180000e-05,-6.75440e-03
1.5230000e-05,-9.01030e-03
1.5280000e-05,-9.05600e-03
1.5330000e-05,-7.57310e-03
1.5380000e-05,-8.60150e-03
1.5430000e-05,-8.70260e-03
1.5480000e-05,-8.45840e-03
1.5530000e-05,-6.21050e-03
1.5580000e-05,-6.21050e-03
1.5630000e-05,-6.80640e-03
1.5680000e-05,-3.39320e-03
1.5730000e-05,-1.77620e-03
1.5780000e-05,-1.77620e-03
1.5830000e-05,-1.18640e-03
1.5880000e-05,6.62030e-04
1.5930000e-05,9.88630e-04
1.5980000e-05,4.46520e-03
1.6030000e-05,4.15430e-03
1.6080000e-05,9.30880e-03
1.6130000e-05,1.01510e-02
1.6180000e-05,1.06350e-02
1.6230000e-05,1.28890e-02
1.6280000e-05,1.29910e-02
1.6330000e-05,1.51850e-02
1.6380000e-05,1.76360e-02
1.6430000e-05,1.85650e-02
1.6480000e-05,1.88970e-02
1.6530000e-05,2.07490e-02
1.6580000e-05,2.07490e-02
1.6630000e-05,2.49030e-02
1.6680000e-05,2.49030e-02
1.6730000e-05,2.38260e-02
1.6780000e-05,2.32090e-02
1.6830000e-05,2.32090e-02
1.6880000e-05,2.19360e-02
1.6930000e-05,2.19360e-02
1.6980000e-05,2.28280e-02
1.7030000e-05,2.20850e-02
1.7080000e-05,2.20850e-02
1.7130000e-05,2.25270e-02
1.7180000e-05,2.22220e-02
1.7230000e-05,2.12800e-02
1.7280000e-05,2.24970e-02
1.7330000e-05,2.15930e-02
1.7380000e-05,2.15930e-02
1.7430000e-05,2.06150e-02
1.7480000e-05,2.03060e-02
1.7530000e-05,1.93570e-02
1.7580000e-05,2.00790e-02
1.7630000e-05,1.87250e-02
1.7680000e-05,1.88000e-02
1.7730000e-05,1.75260e-02
1.7780000e-05,1.72140e-02
1.7830000e-05,1.56220e-02
1.7880000e-05,1.32360e-02
1.7930000e-05,1.35080e-02
1.7980000e-05,1.11100e-02
1.8030000e-05,1.01670e-02
1.8080000e-05,7.38950e-03
1.8130000e-05,4.89480e-03
1.8180000e-05,4.69950e-03
1.8230000e-05,2.52070e-03
1.8280000e-05,-1.20920e-03
1.8330000e-05,-4.14280e-03
1.8380000e-05,-7.09330e-03
1.8430000e-05,-1.17960e-02
1.8480000e-05,-1.44690e-02
1.8530000e-05,-2.27900e-02
1.8580000e-05,-2.84550e-02
1.8630000e-05,-3.10450e-02
1.8680000e-05,-3.71680e-02
1.8730000e-05,-4.07010e-02
1.8780000e-05,-4.67550e-02
1.8830000e-05,-5.23090e-02
1.8880000e-05,-5.65390e-02
1.8930000e-05,-6.12960e-02
1.8980000e-05,-6.67580e-02
1.9030000e-05,-7.22640e-02
1.9080000e-05,-7.78910e-02
1.9130000e-05,-8.26550e-02
1.9180000e-05,-8.73530e-02
1.9230000e-05,-9.07220e-02
1.9280000e-05,-9.57500e-02
1.9330000e-05,-1.01390e-01
1.9380000e-05,-1.06630e-01
1.9430000e-05,-1.08890e-01
1.9480000e-05,-1.11520e-01
1.9530000e-05,-1.15450e-01
1.9580000e-05,-1.19420e-01
1.9630000e-05,-1.19530e-01
1.9680000e-05,-1.26490e-01
1.9730000e-05,-1.24370e-01
1.9780000e-05,-1.25870e-01
1.9830000e-05,-1.25690e-01
1.9880000e-05,-1.24910e-01
1.9930000e-05,-1.24620e-01
1.9980000e-05,-1.22500e-01
2.0030000e-05,-1.22030e-01
2.0080000e-05,-1.19260e-01
2.0130000e-05,-1.19260e-01
2.0180000e-05,-1.12040e-01
2.0230000e-05,-1.09330e-01
2.0280000e-05,-1.07080e-01
2.0330000e-05,-1.01850e-01
2.0380000e-05,-9.76640e-02
2.0430000e-05,-9.29920e-02
2.0480000e-05,-8.84810e-02
2.0530000e-05,-8.38970e-02
2.0580000e-05,-8.02890e-02
2.0630000e-05,-7.38820e-02
2.0680000e-05,-6.87230e-02
2.0730000e-05,-6.39630e-02
2.0780000e-05,-5.90120e-02
2.0830000e-05,-5.45180e-02
2.0880000e-05,-4.74160e-02
2.0930000e-05,-3.87820e-02
2.0980000e-05,-3.48010e-02
2.1030000e-05,-3.16360e-02
2.1080000e-05,-2.72370e-02
2.1130000e-05,-2.07330e-02
2.1180000e-05,-1.85210e-02
2.1230000e-05,-1.57010e-02
2.1280000e-05,-1.16220e-02
2.1330000e-05,-8.10060e-03
2.1380000e-05,-7.03050e-03
2.1430000e-05,-2.76070e-03
2.1480000e-05,-3.09000e-03
2.1530000e-05,-1.54650e-03
2.1580000e-05,6.99770e-04
2.1630000e-05,3.12600e-03
2.1680000e-05,5.52280e-03
2.1730000e-05,5.52280e-03
2.1780000e-05,8.49770e-03
2.1830000e-05,8.49770e-03
2.1880000e-05,1.02980e-02
2.1930000e-05,1.16000e-02
2.1980000e-05,1.26090e-02
2.2030000e-05,1.41540e-02
2.2080000e-05,1.53060e-02
2.2130000e-05,1.74790e-02
2.2180000e-05,1.96230e-02
2.2230000e-05,2.12830e-02
2.2280000e-05,2.21450e-02
2.2330000e-05,2.42440e-02
2.2380000e-05,2.42440e-02
2.2430000e-05,2.68570e-02
2.2480000e-05,2.66960e-02
2.2530000e-05,2.75760e-02
2.2580000e-05,2.94090e-02
2.2630000e-05,2.98640e-02
2.2680000e-05,2.99630e-02
2.2730000e-05,2.99630e-02
2.2780000e-05,2.97440e-02
2.2830000e-05,2.97440e-02
2.2880000e-05,2.87720e-02
2.2930000e-05,2.87550e-02
2.2980000e-05,2.68770e-02
2.3030000e-05,2.53200e-02
2.3080000e-05,2.25820e-02
2.3130000e-05,1.96810e-02
2.3180000e-05,1.82400e-02
2.3230000e-05,1.58400e-02
2.3280000e-05,8.64050e-03
2.3330000e-05,8.11080e-03
2.3380000e-05,2.42430e-03
2.3430000e-05,1.43080e-04
2.3480000e-05,-3.28890e-03
2.3530000e-05,-4.99180e-03
2.3580000e-05,-8.30480e-03
2.3630000e-05,-1.04100e-02
2.3680000e-05,-1.37900e-02
2.3730000e-05,-1.34370e-02
2.3780000e-05,-1.56560e-02
2.3830000e-05,-1.59530e-02
2.3880000e-05,-1.63390e-02
2.3930000e-05,-1.54840e-02
2.3980000e-05,-1.36510e-02
2.4030000e-05,-1.02720e-02
2.4080000e-05,-9.34980e-03
2.4130000e-05,-2.92990e-03
2.4180000e-05,1.13790e-03
2.4230000e-05,7.40260e-03
2.4280000e-05,1.39120e-02
2.4330000e-05,2.03200e-02
2.4380000e-05,2.99170e-02
2.4430000e-05,3.68480e-02
2.4480000e-05,4.96130e-02
2.4530000e-05,6.94830e-02
2.4580000e-05,8.09440e-02
2.4630000e-05,9.47280e-02
2.4680000e-05,1.08930e-01
2.4730000e-05,1.22870e-01
2.4780000e-05,1.33930e-01
2.4830000e-05,1.48540e-01
2.4880000e-05,1.61940e-01
2.4930000e-05,1.77890e-01
2.4980000e-05,1.90620e-01
2.5030000e-05,2.02190e-01
2.5080000e-05,2.12330e-01
2.5130000e-05,2.26110e-01
2.5180000e-05,2.35000e-01
2.5230000e-05,2.48110e-01
2.5280000e-05,2.57330e-01
2.5330000e-05,2.61980e-01
2.5380000e-05,2.68750e-01
2.5430000e-05,2.74130e-01
2.5480000e-05,2.80740e-01
2.5530000e-05,2.83390e-01
2.5580000e-05,2.82900e-01
2.5630000e-05,2.82900e-01
2.5680000e-05,2.82130e-01
2.5730000e-05,2.77490e-01
2.5780000e-05,2.69950e-01
2.5830000e-05,2.62120e-01
2.5880000e-05,2.54700e-01
2.5930000e-05,2.44210e-01
2.5980000e-05,2.32330e-01
2.6030000e-05,2.19330e-01
2.6080000e-05,2.06950e-01
2.6130000e-05,1.91080e-01
2.6180000e-05,1.77010e-01
2.6230000e-05,1.63660e-01
2.6280000e-05,1.44720e-01
2.6330000e-05,1.27180e-01
2.6380000e-05,1.09420e-01
2.6430000e-05,9.14530e-02
2.6480000e-05,7.67920e-02
2.6530000e-05,5.81240e-02
2.6580000e-05,4.20420e-02
2.6630000e-05,2.55140e-02
2.6680000e-05,9.12500e-03
2.6730000e-05,-1.64670e-03
2.6780000e-05,-1.68310e-02
2.6830000e-05,-2.79530e-02
2.6880000e-05,-4.54620e-02
2.6930000e-05,-5.23910e-02
2.6980000e-05,-5.79750e-02
2.7030000e-05,-5.82220e-02
2.7080000e-05,-6.02050e-02
2.7130000e-05,-5.78040e-02
2.7180000e-05,-5.55250e-02
2.7230000e-05,-4.81330e-02
2.7280000e-05,-4.10580e-02
2.7330000e-05,-3.06230e-02
2.7380000e-05,-1.94450e-02
2.7430000e-05,-8.36280e-03
2.7480000e-05,8.66610e-03
2.7530000e-05,2.43570e-02
2.7580000e-05,4.12070e-02
2.7630000e-05,6.27470e-02
2.7680000e-05,8.20860e-02
2.7730000e-05,1.03990e-01
2.7780000e-05,1.24440e-01
2.7830000e-05,1.48990e-01
2.7880000e-05,1.71660e-01
2.7930000e-05,1.95550e-01
2.7980000e-05,2.16940e-01
2.8030000e-05,2.37860e-01
2.8080000e-05,2.59470e-01
2.8130000e-05,2.96220e-01
2.8180000e-05,3.15520e-01
2.8230000e-05,3.29920e-01
2.8280000e-05,3.43090e-01
2.8330000e-05,3.55890e-01
2.8380000e-05,3.64780e-01
2.8430000e-05,3.73270e-01
2.8480000e-05,3.77390e-01
2.8530000e-05,3.77390e-01
2.8580000e-05,3.79280e-01
2.8630000e-05,3.77320e-01
2.8680000e-05,3.68730e-01
2.8730000e-05,3.61480e-01
2.8780000e-05,3.49490e-01
2.8830000e-05,3.36060e-01
2.8880000e-05,3.19350e-01
2.8930000e-05,3.00420e-01
2.8980000e-05,2.79210e-01
2.9030000e-05,2.55880e-01
2.9080000e-05,2.29630e-01
2.9130000e-05,2.03760e-01
2.9180000e-05,1.75460e-01
2.9230000e-05,1.44520e-01
2.9280000e-05,8.06080e-02
2.9330000e-05,4.95680e-02
2.9380000e-05,1.71090e-02
2.9430000e-05,-1.49100e-02
2.9480000e-05,-4.65130e-02
2.9530000e-05,-7.65170e-02
2.9580000e-05,-1.06400e-01
2.9630000e-05,-1.34410e-01
2.9680000e-05,-1.59290e-01
2.9730000e-05,-1.82980e-01
2.9780000e-05,-2.08270e-01
2.9830000e-05,-2.26800e-01
2.9880000e-05,-2.43940e-01
2.9930000e-05,-2.58590e-01
2.9980000e-05,-2.71790e-01
3.0030000e-05,-2.82480e-01
3.0080000e-05,-2.87430e-01
3.0130000e-05,-2.92630e-01
3.0180000e-05,-2.90640e-01
3.0230000e-05,-2.92020e-01
3.0280000e-05,-2.86620e-01
3.0330000e-05,-2.79050e-01
3.0380000e-05,-2.69250e-01
3.0430000e-05,-2.56830e-01
3.0480000e-05,-2.40360e-01
3.0530000e-05,-2.04200e-01
3.0580000e-05,-1.83890e-01
3.0630000e-05,-1.60640e-01
3.0680000e-05,-1.38240e-01
3.0730000e-05,-1.14500e-01
3.0780000e-05,-8.94260e-02
3.0830000e-05,-6.33590e-02
3.0880000e-05,-3.74850e-02
3.0930000e-05,-9.96990e-03
3.0980000e-05,1.42570e-02
3.1030000e-05,3.91660e-02
3.1080000e-05,6.55320e-02
3.1130000e-05,8.90710e-02
3.1180000e-05,1.13100e-01
3.1230000e-05,1.33490e-01
3.1280000e-05,1.55240e-01
3.1330000e-05,1.72630e-01
3.1380000e-05,1.86980e-01
3.1430000e-05,2.03770e-01
3.1480000e-05,2.14410e-01
3.1530000e-05,2.23430e-01
3.1580000e-05,2.31310e-01
3.1630000e-05,2.34460e-01
3.1680000e-05,2.38850e-01
3.1730000e-05,2.38850e-01
3.1780000e-05,2.29190e-01
3.1830000e-05,2.23290e-01
3.1880000e-05,2.13480e-01
3.1930000e-05,2.00510e-01
3.1980000e-05,1.85760e-01
3.2030000e-05,1.69290e-01
3.2080000e-05,1.49360e-01
3.2130000e-05,1.30820e-01
3.2180000e-05,1.04800e-01
3.2230000e-05,8.36480e-02
3.2280000e-05,5.61270e-02
3.2330000e-05,3.08280e-02
3.2380000e-05,2.09710e-03
3.2430000e-05,-2.58120e-02
3.2480000e-05,-5.50620e-02
3.2530000e-05,-8.39160e-02
3.2580000e-05,-1.12150e-01
3.2630000e-05,-1.41050e-01
3.2680000e-05,-1.67800e-01
3.2730000e-05,-1.96260e-01
3.2780000e-05,-2.21310e-01
3.2830000e-05,-2.48910e-01
3.2880000e-05,-2.70810e-01
3.2930000e-05,-3.13810e-01
3.2980000e-05,-3.32880e-01
3.3030000e-05,-3.45200e-01
3.3080000e-05,-3.61820e-01
3.3130000e-05,-3.70920e-01
3.3180000e-05,-3.81180e-01
3.3230000e-05,-3.84610e-01
3.3280000e-05,-3.87420e-01
3.3330000e-05,-3.86770e-01
3.3380000e-05,-3.86090e-01
3.3430000e-05,-3.77980e-01
3.3480000e-05,-3.70990e-01
3.3530000e-05,-3.61070e-01
3.3580000e-05,-3.47420e-01
3.3630000e-05,-3.30570e-01
3.3680000e-05,-3.13060e-01
3.3730000e-05,-2.91380e-01
3.3780000e-05,-2.71310e-01
3.3830000e-05,-2.45670e-01
3.3880000e-05,-2.19800e-01
3.3930000e-05,-1.91400e-01
3.3980000e-05,-1.64400e-01
3.4030000e-05,-1.36310e-01
3.4080000e-05,-1.06660e-01
3.4130000e-05,-4.53090e-02
3.4180000e-05,-1.63890e-02
3.4230000e-05,1.36590e-02
3.4280000e-05,4.38680e-02
3.4330000e-05,7.31010e-02
3.4380000e-05,1.02040e-01
3.4430000e-05,1.31850e-01
3.4480000e-05,1.57940e-01
3.4530000e-05,1.85020e-01
3.4580000e-05,2.08440e-01
3.4630000e-05,2.31610e-01
3.4680000e-05,2.51460e-01
3.4730000e-05,2.72470e-01
3.4780000e-05,2.90460e-01
3.4830000e-05,3.07390e-01
3.4880000e-05,3.22150e-01
3.4930000e-05,3.36140e-01
3.4980000e-05,3.47830e-01
3.5030000e-05,3.56100e-01
3.5080000e-05,3.64560e-01
3.5130000e-05,3.68580e-01
3.5180000e-05,3.72440e-01
3.5230000e-05,3.72930e-01
3.5280000e-05,3.72930e-01
3.5330000e-05,3.64610e-01
3.5380000e-05,3.58430e-01
3.5430000e-05,3.48500e-01
3.5480000e-05,3.37640e-01
3.5530000e-05,3.24560e-01
3.5580000e-05,3.08940e-01
3.5630000e-05,2.93450e-01
3.5680000e-05,2.75440e-01
3.5730000e-05,2.56550e-01
3.5780000e-05,2.35210e-01
3.5830000e-05,2.13310e-01
3.5880000e-05,1.89520e-01
3.5930000e-05,1.66930e-01
3.5980000e-05,1.40490e-01
3.6030000e-05,1.14920e-01
3.6080000e-05,9.02960e-02
3.6130000e-05,6.34060e-02
3.6180000e-05,3.92180e-02
3.6230000e-05,1.38100e-02
3.6280000e-05,-9.92170e-03
3.6330000e-05,-3.39040e-02
3.6380000e-05,-5.59310e-02
3.6430000e-05,-7.60760e-02
3.6480000e-05,-9.47240e-02
3.6530000e-05,-1.27750e-01
3.6580000e-05,-1.40090e-01
3.6630000e-05,-1.49760e-01
3.6680000e-05,-1.56300e-01
3.6730000e-05,-1.60680e-01
3.6780000e-05,-1.64470e-01
3.6830000e-05,-1.64170e-01
3.6880000e-05,-1.59980e-01
3.6930000e-05,-1.52640e-01
3.6980000e-05,-1.43090e-01
3.7030000e-05,-1.30710e-01
3.7080000e-05,-1.16450e-01
3.7130000e-05,-9.82680e-02
3.7180000e-05,-7.80130e-02
3.7230000e-05,-5.34540e-02
3.7280000e-05,-2.91380e-02
3.7330000e-05,-9.76330e-04
3.7380000e-05,2.86680e-02
3.7430000e-05,6.17630e-02
3.7480000e-05,9.26870e-02
3.7530000e-05,1.27910e-01
3.7580000e-05,1.64250e-01
3.7630000e-05,1.98340e-01
3.7680000e-05,2.35410e-01
3.7730000e-05,3.05540e-01
3.7780000e-05,3.39320e-01
3.7830000e-05,3.72610e-01
3.7880000e-05,4.05050e-01
3.7930000e-05,4.36310e-01
3.7980000e-05,4.64710e-01
3.8030000e-05,4.89320e-01
3.8080000e-05,5.14570e-01
3.8130000e-05,5.32530e-01
3.8180000e-05,5.50810e-01
3.8230000e-05,5.65210e-01
3.8280000e-05,5.75410e-01
3.8330000e-05,5.82080e-01
3.8380000e-05,5.84540e-01
3.8430000e-05,5.82830e-01
3.8480000e-05,5.77690e-01
3.8530000e-05,5.68850e-01
3.8580000e-05,5.55230e-01
3.8630000e-05,5.35780e-01
3.8680000e-05,5.13690e-01
3.8730000e-05,4.89000e-01
3.8780000e-05,4.59830e-01
3.8830000e-05,4.26310e-01
3.8880000e-05,3.90470e-01
3.8930000e-05,3.08280e-01
3.8980000e-05,2.65450e-01
3.9030000e-05,2.21120e-01
3.9080000e-05,1.73030e-01
3.9130000e-05,1.24690e-01
3.9180000e-05,7.28780e-02
3.9230000e-05,2.34820e-02
3.9280000e-05,-2.49670e-02
3.9330000e-05,-7.36600e-02
3.9380000e-05,-1.22260e-01
3.9430000e-05,-1.68540e-01
3.9480000e-05,-2.12060e-01
3.9530000e-05,-2.53330e-01
3.9580000e-05,-2.92580e-01
3.9630000e-05,-3.28230e-01
3.9680000e-05,-3.62170e-01
3.9730000e-05,-3.91620e-01
3.9780000e-05,-4.15240e-01
3.9830000e-05,-4.33960e-01
3.9880000e-05,-4.49400e-01
3.9930000e-05,-4.63130e-01
3.9980000e-05,-4.67570e-01
4.0030000e-05,-4.69580e-01
4.0080000e-05,-4.64150e-01
4.0130000e-05,-4.43870e-01
4.0180000e-05,-4.28860e-01
4.0230000e-05,-4.05260e-01
4.0280000e-05,-3.80160e-01
4.0330000e-05,-3.48980e-01
4.0380000e-05,-3.18510e-01
4.0430000e-05,-2.80640e-01
4.0480000e-05,-2.42990e-01
4.0530000e-05,-1.98970e-01
4.0580000e-05,-1.56450e-01
4.0630000e-05,-1.12600e-01
4.0680000e-05,-6.81250e-02
4.0730000e-05,-2.25260e-02
4.0780000e-05,2.07520e-02
4.0830000e-05,6.83690e-02
4.0880000e-05,1.13560e-01
4.0930000e-05,1.56950e-01
4.0980000e-05,1.98070e-01
4.1030000e-05,2.36690e-01
4.1080000e-05,2.72480e-01
4.1130000e-05,3.06840e-01
4.1180000e-05,3.35650e-01
4.1230000e-05,3.63400e-01
4.1280000e-05,3.85000e-01
4.1330000e-05,4.16320e-01
4.1380000e-05,4.28450e-01
4.1430000e-05,4.32490e-01
4.1480000e-05,4.31620e-01
4.1530000e-05,4.28360e-01
4.1580000e-05,4.19460e-01
4.1630000e-05,4.07170e-01
4.1680000e-05,3.87980e-01
4.1730000e-05,3.66410e-01
4.1780000e-05,3.40010e-01
4.1830000e-05,3.11710e-01
4.1880000e-05,2.78640e-01
4.1930000e-05,2.43790e-01
4.1980000e-05,2.05430e-01
4.2030000e-05,1.65070e-01
4.2080000e-05,1.20640e-01
4.2130000e-05,7.70640e-02
4.2180000e-05,3.04830e-02
4.2230000e-05,-1.57170e-02
4.2280000e-05,-6.11190e-02
4.2330000e-05,-1.08580e-01
4.2380000e-05,-1.52710e-01
4.2430000e-05,-1.96600e-01
4.2480000e-05,-2.40260e-01
4.2530000e-05,-3.20840e-01
4.2580000e-05,-3.59010e-01
4.2630000e-05,-3.94850e-01
4.2680000e-05,-4.25020e-01
4.2730000e-05,-4.53230e-01
4.2780000e-05,-4.77480e-01
4.2830000e-05,-4.98930e-01
4.2880000e-05,-5.17710e-01
4.2930000e-05,-5.28970e-01
4.2980000e-05,-5.39310e-01
4.3030000e-05,-5.44150e-01
4.3080000e-05,-5.46580e-01
4.3130000e-05,-5.44090e-01
4.3180000e-05,-5.39110e-01
4.3230000e-05,-5.28500e-01
4.3280000e-05,-5.17180e-01
4.3330000e-05,-5.00350e-01
4.3380000e-05,-4.82730e-01
4.3430000e-05,-4.56990e-01
4.3480000e-05,-4.34640e-01
4.3530000e-05,-4.06120e-01
4.3580000e-05,-3.78290e-01
4.3630000e-05,-3.46650e-01
4.3680000e-05,-3.14790e-01
4.3730000e-05,-2.45130e-01
4.3780000e-05,-2.09770e-01
4.3830000e-05,-1.76020e-01
4.3880000e-05,-1.40050e-01
4.3930000e-05,-1.04780e-01
4.3980000e-05,-6.96620e-02
4.4030000e-05,-3.51710e-02
4.4080000e-05,-3.07300e-03
4.4130000e-05,2.97710e-02
4.4180000e-05,5.93550e-02
4.4230000e-05,8.97450e-02
4.4280000e-05,1.17080e-01
4.4330000e-05,1.45010e-01
4.4380000e-05,1.67800e-01
4.4430000e-05,1.89960e-01
4.4480000e-05,2.08680e-01
4.4530000e-05,2.25870e-01
4.4580000e-05,2.40960e-01
4.4630000e-05,2.54220e-01
4.4680000e-05,2.64080e-01
4.4730000e-05,2.72730e-01
4.4780000e-05,2.78660e-01
4.4830000e-05,2.82400e-01
4.4880000e-05,2.85310e-01
4.4930000e-05,2.81900e-01
4.4980000e-05,2.78030e-01
4.5030000e-05,2.73890e-01
4.5080000e-05,2.66020e-01
4.5130000e-05,2.57010e-01
4.5180000e-05,2.46970e-01
4.5230000e-05,2.34490e-01
4.5280000e-05,2.22220e-01
4.5330000e-05,2.10360e-01
4.5380000e-05,1.95440e-01
4.5430000e-05,1.80630e-01
4.5480000e-05,1.65330e-01
4.5530000e-05,1.51310e-01
4.5580000e-05,1.34200e-01
4.5630000e-05,1.17460e-01
4.5680000e-05,1.01870e-01
4.5730000e-05,8.46170e-02
4.5780000e-05,7.07290e-02
4.5830000e-05,5.45090e-02
4.5880000e-05,3.84660e-02
4.5930000e-05,2.42300e-02
4.5980000e-05,1.07620e-02
4.6030000e-05,-3.29970e-03
4.6080000e-05,-1.56180e-02
4.6130000e-05,-3.99160e-02
4.6180000e-05,-5.10630e-02
4.6230000e-05,-6.04470e-02
4.6280000e-05,-7.06240e-02
4.6330000e-05,-7.85340e-02
4.6380000e-05,-8.55240e-02
4.6430000e-05,-9.31370e-02
4.6480000e-05,-9.88230e-02
4.6530000e-05,-1.03570e-01
4.6580000e-05,-1.08180e-01
4.6630000e-05,-1.10060e-01
4.6680000e-05,-1.12900e-01
4.6730000e-05,-1.14310e-01
4.6780000e-05,-1.14310e-01
4.6830000e-05,-1.12220e-01
4.6880000e-05,-1.12220e-01
4.6930000e-05,-1.09830e-01
4.6980000e-05,-1.06690e-01
4.7030000e-05,-1.01020e-01
4.7080000e-05,-9.48550e-02
4.7130000e-05,-8.78270e-02
4.7180000e-05,-7.83390e-02
4.7230000e-05,-6.69830e-02
4.7280000e-05,-5.84010e-02
4.7330000e-05,-3.17060e-02
4.7380000e-05,-1.72020e-02
4.7430000e-05,-5.61250e-04
4.7480000e-05,1.53990e-02
4.7530000e-05,3.18530e-02
4.7580000e-05,4.95930e-02
4.7630000e-05,6.98960e-02
4.7680000e-05,9.07470e-02
4.7730000e-05,1.08000e-01
4.7780000e-05,1.30790e-01
4.7830000e-05,1.52140e-01
4.7880000e-05,1.70760e-01
4.7930000e-05,1.91990e-01
4.7980000e-05,2.11540e-01
4.8030000e-05,2.30150e-01
4.8080000e-05,2.49900e-01
4.8130000e-05,2.65950e-01
4.8180000e-05,2.83040e-01
4.8230000e-05,2.99890e-01
4.8280000e-05,3.13840e-01
4.8330000e-05,3.26210e-01
4.8380000e-05,3.37600e-01
4.8430000e-05,3.45410e-01
4.8480000e-05,3.54130e-01
4.8530000e-05,3.63380e-01
4.8580000e-05,3.63380e-01
4.8630000e-05,3.62310e-01
4.8680000e-05,3.58760e-01
4.8730000e-05,3.53260e-01
4.8780000e-05,3.45950e-01
4.8830000e-05,3.36230e-01
4.8880000e-05,3.23330e-01
4.8930000e-05,3.10260e-01
4.8980000e-05,2.91860e-01
4.9030000e-05,2.74920e-01
4.9080000e-05,2.54510e-01
4.9130000e-05,2.33660e-01
4.9180000e-05,2.10120e-01
4.9230000e-05,1.86620e-01
4.9280000e-05,1.60100e-01
4.9330000e-05,1.32980e-01
4.9380000e-05,1.04450e-01
4.9430000e-05,7.63990e-02
4.9480000e-05,4.72120e-02
4.9530000e-05,1.71070e-02
4.9580000e-05,-9.14800e-03
4.9630000e-05,-3.92360e-02
4.9680000e-05,-6.55850e-02
4.9730000e-05,-1.19460e-01
4.9780000e-05,-1.44610e-01
4.9830000e-05,-1.66720e-01
4.9880000e-05,-1.90480e-01
4.9930000e-05,-2.08110e-01
4.9980000e-05,-2.28360e-01
5.0030000e-05,-2.43360e-01
5.0080000e-05,-2.58270e-01
5.0130000e-05,-2.68070e-01
5.0180000e-05,-2.77690e-01
5.0230000e-05,-2.84210e-01
5.0280000e-05,-2.87340e-01
5.0330000e-05,-2.86700e-01
5.0380000e-05,-2.86320e-01
5.0430000e-05,-2.79360e-01
5.0480000e-05,-2.72720e-01
5.0530000e-05,-2.61420e-01
5.0580000e-05,-2.49450e-01
5.0630000e-05,-2.32420e-01
5.0680000e-05,-2.15310e-01
5.0730000e-05,-1.93130e-01
5.0780000e-05,-1.71960e-01
5.0830000e-05,-1.47850e-01
5.0880000e-05,-1.22850e-01
5.0930000e-05,-6.73310e-02
5.0980000e-05,-3.96660e-02
5.1030000e-05,-9.81320e-03
5.1080000e-05,1.95360e-02
5.1130000e-05,4.80610e-02
5.1180000e-05,7.53270e-02
5.1230000e-05,1.04950e-01
5.1280000e-05,1.31690e-01
5.1330000e-05,1.58520e-01
5.1380000e-05,1.79650e-01
5.1430000e-05,2.01990e-01
5.1480000e-05,2.19710e-01
5.1530000e-05,2.36200e-01
5.1580000e-05,2.48210e-01
5.1630000e-05,2.60910e-01
5.1680000e-05,2.67080e-01
5.1730000e-05,2.72570e-01
5.1780000e-05,2.70970e-01
5.1830000e-05,2.70970e-01
5.1880000e-05,2.66520e-01
5.1930000e-05,2.59270e-01
5.1980000e-05,2.45310e-01
5.2030000e-05,2.30600e-01
5.2080000e-05,2.14190e-01
5.2130000e-05,1.71020e-01
5.2180000e-05,1.46960e-01
5.2230000e-05,1.18490e-01
5.2280000e-05,8.85040e-02
5.2330000e-05,5.64660e-02
5.2380000e-05,2.57710e-02
5.2430000e-05,-6.87940e-03
5.2480000e-05,-4.05230e-02
5.2530000e-05,-7.59460e-02
5.2580000e-05,-1.11030e-01
5.2630000e-05,-1.45660e-01
5.2680000e-05,-1.78710e-01
5.2730000e-05,-2.11370e-01
5.2780000e-05,-2.45540e-01
5.2830000e-05,-2.76190e-01
5.2880000e-05,-3.07930e-01
5.2930000e-05,-3.36040e-01
5.2980000e-05,-3.62790e-01
5.3030000e-05,-3.87150e-01
5.3080000e-05,-4.10930e-01
5.3130000e-05,-4.30040e-01
5.3180000e-05,-4.51050e-01
5.3230000e-05,-4.64600e-01
5.3280000e-05,-4.76770e-01
5.3330000e-05,-4.96970e-01
5.3380000e-05,-5.00810e-01
5.3430000e-05,-5.03710e-01
5.3480000e-05,-5.01480e-01
5.3530000e-05,-4.99350e-01
5.3580000e-05,-4.92060e-01
5.3630000e-05,-4.86210e-01
5.3680000e-05,-4.73270e-01
5.3730000e-05,-4.61300e-01
5.3780000e-05,-4.45660e-01
5.3830000e-05,-4.27180e-01
5.3880000e-05,-4.08490e-01
5.3930000e-05,-3.87810e-01
5.3980000e-05,-3.63620e-01
5.4030000e-05,-3.39450e-01
5.4080000e-05,-3.13480e-01
5.4130000e-05,-2.87080e-01
5.4180000e-05,-2.57090e-01
5.4230000e-05,-2.29260e-01
5.4280000e-05,-1.98830e-01
5.4330000e-05,-1.70010e-01
5.4380000e-05,-1.42680e-01
5.4430000e-05,-1.12430e-01
5.4480000e-05,-8.44520e-02
5.4530000e-05,-2.79560e-02
5.4580000e-05,-3.33880e-03
5.4630000e-05,2.27510e-02
5.4680000e-05,4.60820e-02
5.4730000e-05,7.02840e-02
5.4780000e-05,8.96850e-02
5.4830000e-05,1.07620e-01
5.4880000e-05,1.25770e-01
5.4930000e-05,1.41560e-01
5.4980000e-05,1.53510e-01
5.5030000e-05,1.63680e-01
5.5080000e-05,1.71880e-01
5.5130000e-05,1.78670e-01
5.5180000e-05,1.80190e-01
5.5230000e-05,1.80460e-01
5.5280000e-05,1.80460e-01
5.5330000e-05,1.77840e-01
5.5380000e-05,1.70230e-01
5.5430000e-05,1.61340e-01
5.5480000e-05,1.51390e-01
5.5530000e-05,1.39120e-01
5.5580000e-05,1.24090e-01
5.5630000e-05,1.06050e-01
5.5680000e-05,8.86880e-02
5.5730000e-05,4.94400e-02
5.5780000e-05,2.68150e-02
5.5830000e-05,3.39610e-03
5.5880000e-05,-1.76770e-02
5.5930000e-05,-4.24980e-02
5.5980000e-05,-6.71410e-02
5.6030000e-05,-9.31100e-02
5.6080000e-05,-1.17700e-01
5.6130000e-05,-1.40710e-01
5.6180000e-05,-1.64900e-01
5.6230000e-05,-1.90010e-01
5.6280000e-05,-2.13870e-01
5.6330000e-05,-2.36310e-01
5.6380000e-05,-2.57150e-01
5.6430000e-05,-2.76040e-01
5.6480000e-05,-2.95900e-01
5.6530000e-05,-3.13870e-01
5.6580000e-05,-3.28730e-01
5.6630000e-05,-3.42240e-01
5.6680000e-05,-3.54560e-01
5.6730000e-05,-3.65470e-01
5.6780000e-05,-3.70450e-01
5.6830000e-05,-3.77680e-01
5.6880000e-05,-3.79990e-01
5.6930000e-05,-3.75520e-01
5.6980000e-05,-3.72320e-01
5.7030000e-05,-3.62800e-01
5.7080000e-05,-3.54630e-01
5.7130000e-05,-3.40680e-01
5.7180000e-05,-3.25700e-01
5.7230000e-05,-3.07460e-01
5.7280000e-05,-2.88400e-01
5.7330000e-05,-2.64290e-01
5.7380000e-05,-2.41620e-01
5.7430000e-05,-2.13190e-01
5.7480000e-05,-1.88750e-01
5.7530000e-05,-1.58250e-01
5.7580000e-05,-1.27680e-01
5.7630000e-05,-9.51120e-02
5.7680000e-05,-6.25120e-02
5.7730000e-05,-2.88160e-02
5.7780000e-05,4.84860e-03
5.7830000e-05,4.05810e-02
5.7880000e-05,7.40380e-02
5.7930000e-05,1.10170e-01
5.7980000e-05,1.43270e-01
5.8030000e-05,1.76890e-01
5.8080000e-05,2.08410e-01
5.8130000e-05,2.65830e-01
5.8180000e-05,2.92470e-01
5.8230000e-05,3.16570e-01
5.8280000e-05,3.37430e-01
5.8330000e-05,3.57640e-01
5.8380000e-05,3.73480e-01
5.8430000e-05,3.87170e-01
5.8480000e-05,3.96530e-01
5.8530000e-05,4.03430e-01
5.8580000e-05,4.04800e-01
5.8630000e-05,4.04800e-01
5.8680000e-05,4.01050e-01
5.8730000e-05,3.94710e-01
5.8780000e-05,3.83160e-01
5.8830000e-05,3.66780e-01
5.8880000e-05,3.50340e-01
5.8930000e-05,3.28880e-01
5.8980000e-05,3.04470e-01
5.9030000e-05,2.76650e-01
5.9080000e-05,2.45380e-01
5.9130000e-05,2.12660e-01
5.9180000e-05,1.76230e-01
5.9230000e-05,1.39640e-01
5.9280000e-05,9.84520e-02
5.9330000e-05,1.50390e-02
5.9380000e-05,-2.96800e-02
5.9430000e-05,-7.14250e-02
5.9480000e-05,-1.15680e-01
5.9530000e-05,-1.58310e-01
5.9580000e-05,-2.01520e-01
5.9630000e-05,-2.42840e-01
5.9680000e-05,-2.84010e-01
5.9730000e-05,-3.21010e-01
5.9780000e-05,-3.60550e-01
5.9830000e-05,-3.94710e-01
5.9880000e-05,-4.27370e-01
5.9930000e-05,-4.55890e-01
5.9980000e-05,-4.81940e-01
6.0030000e-05,-5.02050e-01
6.0080000e-05,-5.25270e-01
6.0130000e-05,-5.40190e-01
6.0180000e-05,-5.51800e-01
6.0230000e-05,-5.58530e-01
6.0280000e-05,-5.64140e-01
6.0330000e-05,-5.65430e-01
6.0380000e-05,-5.63530e-01
6.0430000e-05,-5.56460e-01
6.0480000e-05,-5.46170e-01
6.0530000e-05,-5.16910e-01
6.0580000e-05,-4.98610e-01
6.0630000e-05,-4.77790e-01
6.0680000e-05,-4.52510e-01
6.0730000e-05,-4.26100e-01
6.0780000e-05,-3.98240e-01
6.0830000e-05,-3.70800e-01
6.0880000e-05,-3.40450e-01
6.0930000e-05,-3.08680e-01
6.0980000e-05,-2.75540e-01
6.1030000e-05,-2.45420e-01
6.1080000e-05,-2.14700e-01
6.1130000e-05,-1.84110e-01
6.1180000e-05,-1.55210e-01
6.1230000e-05,-1.26840e-01
6.1280000e-05,-9.81190e-02
6.1330000e-05,-7.39190e-02
6.1380000e-05,-5.13950e-02
6.1430000e-05,-2.94670e-02
6.1480000e-05,-8.67740e-03
6.1530000e-05,5.70210e-03
6.1580000e-05,2.00450e-02
6.1630000e-05,2.90410e-02
6.1680000e-05,3.78860e-02
6.1730000e-05,4.46090e-02
6.1780000e-05,4.34770e-02
6.1830000e-05,3.78110e-02
6.1880000e-05,3.09780e-02
6.1930000e-05,2.25850e-02
6.1980000e-05,8.14150e-03
6.2030000e-05,-5.04290e-03
6.2080000e-05,-2.38540e-02
6.2130000e-05,-4.35510e-02
6.2180000e-05,-6.52530e-02
6.2230000e-05,-8.95680e-02
6.2280000e-05,-1.14510e-01
6.2330000e-05,-1.40800e-01
6.2380000e-05,-1.69150e-01
6.2430000e-05,-1.97580e-01
6.2480000e-05,-2.29820e-01
6.2530000e-05,-2.59950e-01
6.2580000e-05,-2.91700e-01
6.2630000e-05,-3.18770e-01
6.2680000e-05,-3.51550e-01
6.2730000e-05,-3.80830e-01
6.2780000e-05,-4.09880e-01
6.2830000e-05,-4.34890e-01
6.2880000e-05,-4.61570e-01
6.2930000e-05,-5.08510e-01
6.2980000e-05,-5.29080e-01
6.3030000e-05,-5.45940e-01
6.3080000e-05,-5.58620e-01
6.3130000e-05,-5.71060e-01
6.3180000e-05,-5.82650e-01
6.3230000e-05,-5.90300e-01
6.3280000e-05,-5.90440e-01
6.3330000e-05,-5.93480e-01
6.3380000e-05,-5.89330e-01
6.3430000e-05,-5.85580e-01
6.3480000e-05,-5.75630e-01
6.3530000e-05,-5.65140e-01
6.3580000e-05,-5.49610e-01
6.3630000e-05,-5.31560e-01
6.3680000e-05,-5.09550e-01
6.3730000e-05,-4.87310e-01
6.3780000e-05,-4.61370e-01
6.3830000e-05,-4.33820e-01
6.3880000e-05,-4.03640e-01
6.3930000e-05,-3.72330e-01
6.3980000e-05,-3.37770e-01
6.4030000e-05,-3.04410e-01
6.4080000e-05,-2.65400e-01
6.4130000e-05,-1.91170e-01
6.4180000e-05,-1.53050e-01
6.4230000e-05,-1.13750e-01
6.4280000e-05,-7.58870e-02
6.4330000e-05,-3.72860e-02
6.4380000e-05,-8.68350e-04
6.4430000e-05,3.73160e-02
6.4480000e-05,7.14550e-02
6.4530000e-05,1.07080e-01
6.4580000e-05,1.41000e-01
6.4630000e-05,1.73440e-01
6.4680000e-05,1.99450e-01
6.4730000e-05,2.26270e-01
6.4780000e-05,2.51220e-01
6.4830000e-05,2.73690e-01
6.4880000e-05,2.93210e-01
6.4930000e-05,3.10330e-01
6.4980000e-05,3.24710e-01
6.5030000e-05,3.34510e-01
6.5080000e-05,3.44060e-01
6.5130000e-05,3.48870e-01
6.5180000e-05,3.50770e-01
6.5230000e-05,3.50770e-01
6.5280000e-05,3.45270e-01
6.5330000e-05,3.28590e-01
6.5380000e-05,3.17530e-01
6.5430000e-05,3.02270e-01
6.5480000e-05,2.83690e-01
6.5530000e-05,2.64110e-01
6.5580000e-05,2.42070e-01
6.5630000e-05,2.18130e-01
6.5680000e-05,1.91940e-01
6.5730000e-05,1.64990e-01
6.5780000e-05,1.35940e-01
6.5830000e-05,1.05830e-01
6.5880000e-05,7.22510e-02
6.5930000e-05,4.24340e-02
6.5980000e-05,1.05390e-02
6.6030000e-05,-2.40270e-02
6.6080000e-05,-5.52610e-02
6.6130000e-05,-8.80340e-02
6.6180000e-05,-1.17140e-01
6.6230000e-05,-1.49130e-01
6.6280000e-05,-1.78940e-01
6.6330000e-05,-2.08650e-01
6.6380000e-05,-2.33400e-01
6.6430000e-05,-2.60670e-01
6.6480000e-05,-2.85660e-01
6.6530000e-05,-3.28360e-01
6.6580000e-05,-3.48510e-01
6.6630000e-05,-3.63600e-01
6.6680000e-05,-3.77970e-01
6.6730000e-05,-3.88620e-01
6.6780000e-05,-3.99250e-01
6.6830000e-05,-4.02650e-01
6.6880000e-05,-4.02650e-01
6.6930000e-05,-4.07400e-01
6.6980000e-05,-4.06660e-01
6.7030000e-05,-4.00120e-01
6.7080000e-05,-3.93570e-01
6.7130000e-05,-3.82790e-01
6.7180000e-05,-3.72110e-01
6.7230000e-05,-3.56600e-01
6.7280000e-05,-3.40480e-01
6.7330000e-05,-3.21090e-01
6.7380000e-05,-3.00850e-01
6.7430000e-05,-2.76160e-01
6.7480000e-05,-2.53490e-01
6.7530000e-05,-2.28450e-01
6.7580000e-05,-2.02280e-01
6.7630000e-05,-1.74800e-01
6.7680000e-05,-1.46580e-01
6.7730000e-05,-8.88440e-02
6.7780000e-05,-6.27570e-02
6.7830000e-05,-3.33180e-02
6.7880000e-05,-6.49850e-03
6.7930000e-05,1.91200e-02
6.7980000e-05,4.50840e-02
6.8030000e-05,7.03620e-02
6.8080000e-05,9.21060e-02
6.8130000e-05,1.14790e-01
6.8180000e-05,1.34940e-01
6.8230000e-05,1.52280e-01
6.8280000e-05,1.67740e-01
6.8330000e-05,1.79060e-01
6.8380000e-05,1.88390e-01
6.8430000e-05,1.97760e-01
6.8480000e-05,2.01920e-01
6.8530000e-05,2.03900e-01
6.8580000e-05,2.03900e-01
6.8630000e-05,1.95650e-01
6.8680000e-05,1.95650e-01
6.8730000e-05,1.87610e-01
6.8780000e-05,1.77530e-01
6.8830000e-05,1.64320e-01
6.8880000e-05,1.48810e-01
6.8930000e-05,1.10060e-01
6.8980000e-05,8.88800e-02
6.9030000e-05,6.57500e-02
6.9080000e-05,4.22760e-02
6.9130000e-05,1.59880e-02
6.9180000e-05,-1.27890e-02
6.9230000e-05,-3.74710e-02
6.9280000e-05,-6.47580e-02
6.9330000e-05,-9.40880e-02
6.9380000e-05,-1.23900e-01
6.9430000e-05,-1.52420e-01
6.9480000e-05,-1.79930e-01
6.9530000e-05,-2.05980e-01
6.9580000e-05,-2.34050e-01
6.9630000e-05,-2.59000e-01
6.9680000e-05,-2.86160e-01
6.9730000e-05,-3.08460e-01
6.9780000e-05,-3.30770e-01
6.9830000e-05,-3.49110e-01
6.9880000e-05,-3.69080e-01
6.9930000e-05,-3.85050e-01
6.9980000e-05,-3.99330e-01
7.0030000e-05,-4.07360e-01
7.0080000e-05,-4.17860e-01
7.0130000e-05,-4.29860e-01
7.0180000e-05,-4.30510e-01
7.0230000e-05,-4.28990e-01
7.0280000e-05,-4.25800e-01
7.0330000e-05,-4.21580e-01
7.0380000e-05,-4.14890e-01
7.0430000e-05,-4.03040e-01
7.0480000e-05,-3.89140e-01
7.0530000e-05,-3.75950e-01
7.0580000e-05,-3.58650e-01
7.0630000e-05,-3.43310e-01
7.0680000e-05,-3.22600e-01
7.0730000e-05,-3.00590e-01
7.0780000e-05,-2.77270e-01
7.0830000e-05,-2.54560e-01
7.0880000e-05,-2.30220e-01
7.0930000e-05,-2.07260e-01
7.0980000e-05,-1.82120e-01
7.1030000e-05,-1.57150e-01
7.1080000e-05,-1.29620e-01
7.1130000e-05,-1.06450e-01
7.1180000e-05,-8.28670e-02
7.1230000e-05,-5.95040e-02
7.1280000e-05,-3.47240e-02
7.1330000e-05,8.56560e-03
7.1380000e-05,2.74580e-02
7.1430000e-05,4.63950e-02
7.1480000e-05,6.38140e-02
7.1530000e-05,7.95480e-02
7.1580000e-05,9.13000e-02
7.1630000e-05,1.03460e-01
7.1680000e-05,1.14070e-01
7.1730000e-05,1.21720e-01
7.1780000e-05,1.26460e-01
7.1830000e-05,1.30970e-01
7.1880000e-05,1.34550e-01
7.1930000e-05,1.32420e-01
7.1980000e-05,1.30170e-01
7.2030000e-05,1.26380e-01
7.2080000e-05,1.21540e-01
7.2130000e-05,1.11950e-01
7.2180000e-05,1.03310e-01
7.2230000e-05,9.21490e-02
7.2280000e-05,8.15780e-02
7.2330000e-05,6.62410e-02
7.2380000e-05,5.27380e-02
7.2430000e-05,3.43870e-02
7.2480000e-05,1.73590e-02
7.2530000e-05,-1.95470e-02
7.2580000e-05,-3.91430e-02
7.2630000e-05,-5.97630e-02
7.2680000e-05,-8.15320e-02
7.2730000e-05,-1.03030e-01
7.2780000e-05,-1.24490e-01
7.2830000e-05,-1.44750e-01
7.2880000e-05,-1.64960e-01
7.2930000e-05,-1.87590e-01
7.2980000e-05,-2.09050e-01
7.3030000e-05,-2.28940e-01
7.3080000e-05,-2.50000e-01
7.3130000e-05,-2.70590e-01
7.3180000e-05,-2.87090e-01
7.3230000e-05,-3.06140e-01
7.3280000e-05,-3.20180e-01
7.3330000e-05,-3.37040e-01
7.3380000e-05,-3.50220e-01
7.3430000e-05,-3.63880e-01
7.3480000e-05,-3.75890e-01
7.3530000e-05,-3.86020e-01
7.3580000e-05,-3.94090e-01
7.3630000e-05,-4.01930e-01
7.3680000e-05,-4.08740e-01
7.3730000e-05,-4.15920e-01
7.3780000e-05,-4.17440e-01
7.3830000e-05,-4.16330e-01
7.3880000e-05,-4.15440e-01
7.3930000e-05,-4.11700e-01
7.3980000e-05,-4.09330e-01
7.4030000e-05,-4.01180e-01
7.4080000e-05,-3.94040e-01
7.4130000e-05,-3.83890e-01
7.4180000e-05,-3.74380e-01
7.4230000e-05,-3.62220e-01
7.4280000e-05,-3.51630e-01
7.4330000e-05,-3.36170e-01
7.4380000e-05,-3.20680e-01
7.4430000e-05,-3.03970e-01
7.4480000e-05,-2.88960e-01
7.4530000e-05,-2.70580e-01
7.4580000e-05,-2.53790e-01
7.4630000e-05,-2.33680e-01
7.4680000e-05,-2.15410e-01
7.4730000e-05,-1.95710e-01
7.4780000e-05,-1.77580e-01
7.4830000e-05,-1.59080e-01
7.4880000e-05,-1.38220e-01
7.4930000e-05,-1.01700e-01
7.4980000e-05,-8.39850e-02
7.5030000e-05,-6.61950e-02
7.5080000e-05,-4.79730e-02
7.5130000e-05,-3.09780e-02
7.5180000e-05,-1.62180e-02
7.5230000e-05,-1.90010e-03
7.5280000e-05,1.32780e-02
7.5330000e-05,2.54560e-02
7.5380000e-05,3.69100e-02
7.5430000e-05,4.77010e-02
7.5480000e-05,5.63520e-02
7.5530000e-05,6.56990e-02
7.5580000e-05,7.07360e-02
7.5630000e-05,7.90270e-02
7.5680000e-05,8.04290e-02
7.5730000e-05,8.52150e-02
7.5780000e-05,8.64140e-02
7.5830000e-05,8.64140e-02
7.5880000e-05,8.54820e-02
7.5930000e-05,8.39620e-02
7.5980000e-05,8.02380e-02
7.6030000e-05,7.59560e-02
7.6080000e-05,7.06170e-02
7.6130000e-05,5.82740e-02
7.6180000e-05,5.04770e-02
7.6230000e-05,4.12860e-02
7.6280000e-05,3.25490e-02
7.6330000e-05,2.41380e-02
7.6380000e-05,1.50960e-02
7.6430000e-05,5.11800e-03
7.6480000e-05,-4.69700e-03
7.6530000e-05,-1.21980e-02
7.6580000e-05,-2.17590e-02
7.6630000e-05,-2.83440e-02
7.6680000e-05,-3.67120e-02
7.6730000e-05,-4.43210e-02
7.6780000e-05,-5.04280e-02
7.6830000e-05,-5.49680e-02
7.6880000e-05,-5.75830e-02
7.6930000e-05,-5.94120e-02
7.6980000e-05,-6.04180e-02
7.7030000e-05,-6.08520e-02
7.7080000e-05,-5.90220e-02
7.7130000e-05,-5.48430e-02
7.7180000e-05,-4.89240e-02
7.7230000e-05,-4.30310e-02
7.7280000e-05,-3.31290e-02
7.7330000e-05,-9.18180e-03
7.7380000e-05,5.23760e-03
7.7430000e-05,2.11770e-02
7.7480000e-05,4.01280e-02
7.7530000e-05,6.00580e-02
7.7580000e-05,7.91690e-02
7.7630000e-05,1.03400e-01
7.7680000e-05,1.26360e-01
7.7730000e-05,1.54030e-01
7.7780000e-05,1.79250e-01
7.7830000e-05,2.04870e-01
7.7880000e-05,2.32250e-01
7.7930000e-05,2.60150e-01
7.7980000e-05,2.88050e-01
7.8030000e-05,3.17250e-01
7.8080000e-05,3.43860e-01
7.8130000e-05,3.71970e-01
7.8180000e-05,3.98570e-01
7.8230000e-05,4.23520e-01
7.8280000e-05,4.48120e-01
7.8330000e-05,4.72390e-01
7.8380000e-05,4.94100e-01
7.8430000e-05,5.14560e-01
7.8480000e-05,5.29830e-01
7.8530000e-05,5.60150e-01
7.8580000e-05,5.72140e-01
7.8630000e-05,5.79140e-01
7.8680000e-05,5.83940e-01
7.8730000e-05,5.87570e-01
7.8780000e-05,5.87570e-01
7.8830000e-05,5.83650e-01
7.8880000e-05,5.78470e-01
7.8930000e-05,5.70000e-01
7.8980000e-05,5.58300e-01
7.9030000e-05,5.43900e-01
7.9080000e-05,5.26230e-01
7.9130000e-05,5.08120e-01
7.9180000e-05,4.86560e-01
7.9230000e-05,4.63930e-01
7.9280000e-05,4.36030e-01
7.9330000e-05,4.07930e-01
7.9380000e-05,3.77080e-01
7.9430000e-05,3.44860e-01
7.9480000e-05,3.13750e-01
7.9530000e-05,2.79000e-01
7.9580000e-05,2.44860e-01
7.9630000e-05,2.08610e-01
7.9680000e-05,1.74830e-01
7.9730000e-05,1.02900e-01
7.9780000e-05,6.69660e-02
7.9830000e-05,3.34030e-02
7.9880000e-05,-1.45190e-04
7.9930000e-05,-3.13610e-02
7.9980000e-05,-6.27080e-02
8.0030000e-05,-9.13650e-02
8.0080000e-05,-1.18330e-01
8.0130000e-05,-1.44990e-01
8.0180000e-05,-1.68410e-01
8.0230000e-05,-1.88200e-01
8.0280000e-05,-2.08240e-01
8.0330000e-05,-2.25710e-01
8.0380000e-05,-2.39900e-01
8.0430000e-05,-2.51990e-01
8.0480000e-05,-2.62270e-01
8.0530000e-05,-2.69760e-01
8.0580000e-05,-2.73610e-01
8.0630000e-05,-2.76180e-01
8.0680000e-05,-2.75440e-01
8.0730000e-05,-2.74100e-01
8.0780000e-05,-2.70220e-01
8.0830000e-05,-2.65870e-01
8.0880000e-05,-2.55810e-01
8.0930000e-05,-2.35990e-01
8.0980000e-05,-2.23880e-01
8.1030000e-05,-2.08600e-01
8.1080000e-05,-1.96110e-01
8.1130000e-05,-1.80410e-01
8.1180000e-05,-1.65720e-01
8.1230000e-05,-1.47990e-01
8.1280000e-05,-1.31770e-01
8.1330000e-05,-1.15260e-01
8.1380000e-05,-9.91310e-02
8.1430000e-05,-8.22940e-02
8.1480000e-05,-6.67930e-02
8.1530000e-05,-5.20980e-02
8.1580000e-05,-3.85960e-02
8.1630000e-05,-2.42950e-02
8.1680000e-05,-1.06000e-02
8.1730000e-05,-1.79820e-04
8.1780000e-05,9.25350e-03
8.1830000e-05,2.02000e-02
8.1880000e-05,2.61670e-02
8.1930000e-05,3.20260e-02
8.1980000e-05,3.84970e-02
8.2030000e-05,4.24850e-02
8.2080000e-05,4.51220e-02
8.2130000e-05,4.43250e-02
8.2180000e-05,4.44070e-02
8.2230000e-05,4.22360e-02
8.2280000e-05,3.57010e-02
8.2330000e-05,3.13830e-02
8.2380000e-05,2.45910e-02
8.2430000e-05,1.83240e-02
8.2480000e-05,1.12580e-02
8.2530000e-05,3.24730e-03
8.2580000e-05,-4.51730e-03
8.2630000e-05,-1.45180e-02
8.2680000e-05,-2.18590e-02
8.2730000e-05,-3.12670e-02
8.2780000e-05,-4.09460e-02
8.2830000e-05,-4.92400e-02
8.2880000e-05,-5.84560e-02
8.2930000e-05,-6.55300e-02
8.2980000e-05,-7.54570e-02
8.3030000e-05,-8.11270e-02
8.3080000e-05,-8.64620e-02
8.3130000e-05,-9.42570e-02
8.3180000e-05,-9.73420e-02
8.3230000e-05,-1.03410e-01
8.3280000e-05,-1.06360e-01
8.3330000e-05,-1.10510e-01
8.3380000e-05,-1.10100e-01
8.3430000e-05,-1.08200e-01
8.3480000e-05,-1.08420e-01
8.3530000e-05,-1.04040e-01
8.3580000e-05,-1.00920e-01
8.3630000e-05,-9.49970e-02
8.3680000e-05,-9.01750e-02
8.3730000e-05,-8.14360e-02
8.3780000e-05,-7.29500e-02
8.3830000e-05,-6.25880e-02
8.3880000e-05,-5.25110e-02
8.3930000e-05,-4.12000e-02
8.3980000e-05,-2.87780e-02
8.4030000e-05,-1.41470e-02
8.4080000e-05,-1.86450e-03
8.4130000e-05,1.64210e-02
8.4180000e-05,3.08630e-02
8.4230000e-05,4.54360e-02
8.4280000e-05,6.44910e-02
8.4330000e-05,7.91830e-02
8.4380000e-05,9.89220e-02
8.4430000e-05,1.15200e-01
8.4480000e-05,1.33660e-01
8.4530000e-05,1.70360e-01
8.4580000e-05,1.88040e-01
8.4630000e-05,2.06790e-01
8.4680000e-05,2.23360e-01
8.4730000e-05,2.40630e-01
8.4780000e-05,2.57020e-01
8.4830000e-05,2.72880e-01
8.4880000e-05,2.89490e-01
8.4930000e-05,3.06480e-01
8.4980000e-05,3.21400e-01
8.5030000e-05,3.34730e-01
8.5080000e-05,3.47830e-01
8.5130000e-05,3.61250e-01
8.5180000e-05,3.73890e-01
8.5230000e-05,3.85360e-01
8.5280000e-05,3.92360e-01
8.5330000e-05,4.02900e-01
8.5380000e-05,4.10140e-01
8.5430000e-05,4.16540e-01
8.5480000e-05,4.22180e-01
8.5530000e-05,4.25620e-01
8.5580000e-05,4.28330e-01
8.5630000e-05,4.30580e-01
8.5680000e-05,4.30580e-01
8.5730000e-05,4.29350e-01
8.5780000e-05,4.24290e-01
8.5830000e-05,4.20460e-01
8.5880000e-05,4.15820e-01
8.5930000e-05,4.09640e-01
8.5980000e-05,4.01910e-01
8.6030000e-05,3.93550e-01
8.6080000e-05,3.83670e-01
8.6130000e-05,3.73210e-01
8.6180000e-05,3.62880e-01
8.6230000e-05,3.51070e-01
8.6280000e-05,3.40270e-01
8.6330000e-05,3.27380e-01
8.6380000e-05,3.14500e-01
8.6430000e-05,3.02150e-01
8.6480000e-05,2.89830e-01
8.6530000e-05,2.75580e-01
8.6580000e-05,2.63250e-01
8.6630000e-05,2.48680e-01
8.6680000e-05,2.36840e-01
8.6730000e-05,2.23710e-01
8.6780000e-05,2.13460e-01
8.6830000e-05,2.01840e-01
8.6880000e-05,1.91880e-01
8.6930000e-05,1.72180e-01
8.6980000e-05,1.66950e-01
8.7030000e-05,1.59550e-01
8.7080000e-05,1.52980e-01
8.7130000e-05,1.47930e-01
8.7180000e-05,1.44050e-01
8.7230000e-05,1.41890e-01
8.7280000e-05,1.37980e-01
8.7330000e-05,1.38800e-01
8.7380000e-05,1.38800e-01
8.7430000e-05,1.41590e-01
8.7480000e-05,1.40320e-01
8.7530000e-05,1.46290e-01
8.7580000e-05,1.51410e-01
8.7630000e-05,1.55980e-01
8.7680000e-05,1.61900e-01
8.7730000e-05,1.69250e-01
8.7780000e-05,1.77080e-01
8.7830000e-05,1.85410e-01
8.7880000e-05,1.93210e-01
8.7930000e-05,2.03070e-01
8.7980000e-05,2.12350e-01
8.8030000e-05,2.22690e-01
8.8080000e-05,2.32960e-01
8.8130000e-05,2.53930e-01
8.8180000e-05,2.63640e-01
8.8230000e-05,2.73530e-01
8.8280000e-05,2.83480e-01
8.8330000e-05,2.92690e-01
8.8380000e-05,3.02380e-01
8.8430000e-05,3.10650e-01
8.8480000e-05,3.19020e-01
8.8530000e-05,3.26510e-01
8.8580000e-05,3.31080e-01
8.8630000e-05,3.34120e-01
8.8680000e-05,3.38860e-01
8.8730000e-05,3.43700e-01
8.8780000e-05,3.43700e-01
8.8830000e-05,3.42500e-01
8.8880000e-05,3.42500e-01
8.8930000e-05,3.42500e-01
8.8980000e-05,3.41500e-01
8.9030000e-05,3.39460e-01
8.9080000e-05,3.34300e-01
8.9130000e-05,3.28540e-01
8.9180000e-05,3.23600e-01
8.9230000e-05,3.16510e-01
8.9280000e-05,3.07850e-01
8.9330000e-05,2.88010e-01
8.9380000e-05,2.77830e-01
8.9430000e-05,2.70120e-01
8.9480000e-05,2.58430e-01
8.9530000e-05,2.47050e-01
8.9580000e-05,2.34340e-01
8.9630000e-05,2.22850e-01
8.9680000e-05,2.10420e-01
8.9730000e-05,2.01830e-01
8.9780000e-05,1.90360e-01
8.9830000e-05,1.77830e-01
8.9880000e-05,1.68370e-01
8.9930000e-05,1.59560e-01
8.9980000e-05,1.50410e-01
9.0030000e-05,1.43370e-01
9.0080000e-05,1.34590e-01
9.0130000e-05,1.27720e-01
9.0180000e-05,1.21380e-01
9.0230000e-05,1.17980e-01
9.0280000e-05,1.13630e-01
9.0330000e-05,1.13210e-01
9.0380000e-05,1.08600e-01
9.0430000e-05,1.09010e-01
9.0480000e-05,1.10320e-01
9.0530000e-05,1.16400e-01
9.0580000e-05,1.19520e-01
9.0630000e-05,1.25680e-01
9.0680000e-05,1.35130e-01
9.0730000e-05,1.42790e-01
9.0780000e-05,1.51980e-01
9.0830000e-05,1.62580e-01
9.0880000e-05,1.71980e-01
9.0930000e-05,1.81890e-01
9.0980000e-05,1.94960e-01
9.1030000e-05,2.07110e-01
9.1080000e-05,2.19650e-01
9.1130000e-05,2.32030e-01
9.1180000e-05,2.45530e-01
9.1230000e-05,2.59450e-01
9.1280000e-05,2.73020e-01
9.1330000e-05,2.85390e-01
9.1380000e-05,3.00040e-01
9.1430000e-05,3.11230e-01
9.1480000e-05,3.24510e-01
9.1530000e-05,3.37240e-01
9.1580000e-05,3.48360e-01
9.1630000e-05,3.58740e-01
9.1680000e-05,3.67800e-01
9.1730000e-05,3.85230e-01
9.1780000e-05,3.92890e-01
9.1830000e-05,3.99490e-01
9.1880000e-05,4.03780e-01
9.1930000e-05,4.07100e-01
9.1980000e-05,4.08740e-01
9.2030000e-05,4.08740e-01
9.2080000e-05,4.10700e-01
9.2130000e-05,4.11100e-01
9.2180000e-05,4.07830e-01
9.2230000e-05,4.04220e-01
9.2280000e-05,4.00130e-01
9.2330000e-05,3.96890e-01
9.2380000e-05,3.87840e-01
9.2430000e-05,3.81600e-01
9.2480000e-05,3.75010e-01
9.2530000e-05,3.63530e-01
9.2580000e-05,3.54620e-01
9.2630000e-05,3.43340e-01
9.2680000e-05,3.32720e-01
9.2730000e-05,3.21400e-01
9.2780000e-05,3.09200e-01
9.2830000e-05,2.96820e-01
9.2880000e-05,2.82550e-01
9.2930000e-05,2.58060e-01
9.2980000e-05,2.43230e-01
9.3030000e-05,2.30280e-01
9.3080000e-05,2.17520e-01
9.3130000e-05,2.05790e-01
9.3180000e-05,1.92240e-01
9.3230000e-05,1.79260e-01
9.3280000e-05,1.68620e-01
9.3330000e-05,1.58200e-01
9.3380000e-05,1.48420e-01
9.3430000e-05,1.37220e-01
9.3480000e-05,1.26780e-01
9.3530000e-05,1.16860e-01
9.3580000e-05,1.09200e-01
9.3630000e-05,1.01290e-01
9.3680000e-05,9.57190e-02
9.3730000e-05,8.89690e-02
9.3780000e-05,8.30940e-02
9.3830000e-05,7.86680e-02
9.3880000e-05,7.66050e-02
9.3930000e-05,7.31370e-02
9.3980000e-05,7.07070e-02
9.4030000e-05,6.75250e-02
9.4080000e-05,7.03820e-02
9.4130000e-05,7.05990e-02
9.4180000e-05,6.92380e-02
9.4230000e-05,7.18350e-02
9.4280000e-05,7.28110e-02
9.4330000e-05,7.80390e-02
9.4380000e-05,7.93000e-02
9.4430000e-05,8.36290e-02
9.4480000e-05,8.58310e-02
9.4530000e-05,9.11390e-02
9.4580000e-05,9.25560e-02
9.4630000e-05,9.93890e-02
9.4680000e-05,1.01390e-01
9.4730000e-05,1.07600e-01
9.4780000e-05,1.10210e-01
9.4830000e-05,1.16200e-01
9.4880000e-05,1.20640e-01
9.4930000e-05,1.25140e-01
9.4980000e-05,1.27560e-01
9.5030000e-05,1.31220e-01
9.5080000e-05,1.33300e-01
9.5130000e-05,1.37570e-01
9.5180000e-05,1.41110e-01
9.5230000e-05,1.42220e-01
9.5280000e-05,1.44250e-01
9.5330000e-05,1.44150e-01
9.5380000e-05,1.45140e-01
9.5430000e-05,1.44710e-01
9.5480000e-05,1.44060e-01
9.5530000e-05,1.41700e-01
9.5580000e-05,1.40180e-01
9.5630000e-05,1.38030e-01
9.5680000e-05,1.35470e-01
9.5730000e-05,1.35470e-01
9.5780000e-05,1.29080e-01
9.5830000e-05,1.24570e-01
9.5880000e-05,1.22240e-01
9.5930000e-05,1.13150e-01
9.5980000e-05,1.13150e-01
9.6030000e-05,1.10200e-01
9.6080000e-05,1.05220e-01
9.6130000e-05,1.00680e-01
9.6180000e-05,9.92780e-02
9.6230000e-05,9.50280e-02
9.6280000e-05,9.20610e-02
9.6330000e-05,8.87390e-02
9.6380000e-05,8.64470e-02
9.6430000e-05,8.36340e-02
9.6480000e-05,8.44060e-02
9.6530000e-05,8.55510e-02
9.6580000e-05,8.57690e-02
9.6630000e-05,8.82910e-02
9.6680000e-05,9.12830e-02
9.6730000e-05,9.64400e-02
9.6780000e-05,1.01330e-01
9.6830000e-05,1.08950e-01
9.6880000e-05,1.14710e-01
9.6930000e-05,1.25900e-01
9.6980000e-05,1.34310e-01
9.7030000e-05,1.46270e-01
9.7080000e-05,1.56420e-01
9.7130000e-05,1.68550e-01
9.7180000e-05,1.81440e-01
9.7230000e-05,1.96200e-01
9.7280000e-05,2.09960e-01
9.7330000e-05,2.28060e-01
9.7380000e-05,2.41800e-01
9.7430000e-05,2.57630e-01
9.7480000e-05,2.75440e-01
9.7530000e-05,2.93640e-01
9.7580000e-05,3.11820e-01
9.7630000e-05,3.29150e-01
9.7680000e-05,3.48000e-01
9.7730000e-05,3.85290e-01
9.7780000e-05,4.03980e-01
9.7830000e-05,4.20920e-01
9.7880000e-05,4.39390e-01
9.7930000e-05,4.55780e-01
9.7980000e-05,4.74600e-01
9.8030000e-05,4.87920e-01
9.8080000e-05,5.03690e-01
9.8130000e-05,5.16850e-01
9.8180000e-05,5.27810e-01
9.8230000e-05,5.40930e-01
9.8280000e-05,5.49890e-01
9.8330000e-05,5.58650e-01
9.8380000e-05,5.65250e-01
9.8430000e-05,5.71990e-01
9.8480000e-05,5.77280e-01
9.8530000e-05,5.78620e-01
9.8580000e-05,5.80300e-01
9.8630000e-05,5.80300e-01
9.8680000e-05,5.77470e-01
9.8730000e-05,5.72050e-01
9.8780000e-05,5.66990e-01
9.8830000e-05,5.59710e-01
9.8880000e-05,5.51780e-01
9.8930000e-05,5.27240e-01
9.8980000e-05,5.15530e-01
9.9030000e-05,5.00110e-01
9.9080000e-05,4.84000e-01
9.9130000e-05,4.67260e-01
9.9180000e-05,4.46780e-01
9.9230000e-05,4.28360e-01
9.9280000e-05,4.06810e-01
9.9330000e-05,3.85960e-01
9.9380000e-05,3.65140e-01
9.9430000e-05,3.44270e-01
9.9480000e-05,3.21650e-01
9.9530000e-05,2.99520e-01
9.9580000e-05,2.78340e-01
9.9630000e-05,2.57850e-01
9.9680000e-05,2.35360e-01
9.9730000e-05,2.14440e-01
9.9780000e-05,1.96790e-01
9.9830000e-05,1.76230e-01
9.9880000e-05,1.58420e-01
9.9930000e-05,1.41820e-01
9.9980000e-05,1.24500e-01
1.0003000e-04,1.10380e-01
1.0008000e-04,9.48340e-02
1.0013000e-04,7.24430e-02
1.0018000e-04,6.38370e-02
1.0023000e-04,5.47560e-02
1.0028000e-04,5.04650e-02
1.0033000e-04,4.50330e-02
1.0038000e-04,4.16300e-02
1.0043000e-04,3.99600e-02
1.0048000e-04,4.12900e-02
1.0053000e-04,4.14520e-02
1.0058000e-04,4.30040e-02
1.0063000e-04,4.93320e-02
1.0068000e-04,5.47700e-02
1.0073000e-04,6.05090e-02
1.0078000e-04,6.75770e-02
1.0083000e-04,7.54920e-02
1.0088000e-04,8.68590e-02
1.0093000e-04,9.65210e-02
1.0098000e-04,1.06710e-01
1.0103000e-04,1.18010e-01
1.0108000e-04,1.31700e-01
1.0113000e-04,1.42610e-01
1.0118000e-04,1.56980e-01
1.0123000e-04,1.69050e-01
1.0128000e-04,1.80290e-01
1.0133000e-04,2.03960e-01
1.0138000e-04,2.12560e-01
1.0143000e-04,2.24960e-01
1.0148000e-04,2.32450e-01
1.0153000e-04,2.41230e-01
1.0158000e-04,2.49240e-01
1.0163000e-04,2.54930e-01
1.0168000e-04,2.60600e-01
1.0173000e-04,2.67380e-01
1.0178000e-04,2.68430e-01
1.0183000e-04,2.68430e-01
1.0188000e-04,2.71640e-01
1.0193000e-04,2.71640e-01
1.0198000e-04,2.67790e-01
1.0203000e-04,2.64230e-01
1.0208000e-04,2.59650e-01
1.0213000e-04,2.54180e-01
1.0218000e-04,2.45750e-01
1.0223000e-04,2.37130e-01
1.0228000e-04,2.27650e-01
1.0233000e-04,2.17890e-01
1.0238000e-04,2.04320e-01
1.0243000e-04,1.93140e-01
1.0248000e-04,1.79850e-01
1.0253000e-04,1.51570e-01
1.0258000e-04,1.35780e-01
1.0263000e-04,1.18730e-01
1.0268000e-04,1.02740e-01
1.0273000e-04,8.55590e-02
1.0278000e-04,7.12480e-02
1.0283000e-04,5.44180e-02
1.0288000e-04,3.80210e-02
1.0293000e-04,2.29140e-02
1.0298000e-04,8.45470e-03
1.0303000e-04,-5.48890e-03
1.0308000e-04,-1.94880e-02
1.0313000e-04,-3.35170e-02
1.0318000e-04,-4.42140e-02
1.0323000e-04,-5.40240e-02
1.0328000e-04,-6.58940e-02
1.0333000e-04,-7.49230e-02
1.0338000e-04,-8.26410e-02
1.0343000e-04,-8.84220e-02
1.0348000e-04,-9.51860e-02
1.0353000e-04,-9.88440e-02
1.0358000e-04,-1.03340e-01
1.0363000e-04,-1.06410e-01
1.0368000e-04,-1.06830e-01
1.0373000e-04,-1.05420e-01
1.0378000e-04,-1.03330e-01
1.0383000e-04,-9.91650e-02
1.0388000e-04,-9.60510e-02
1.0393000e-04,-9.01730e-02
1.0398000e-04,-8.35370e-02
1.0403000e-04,-7.60050e-02
1.0408000e-04,-6.63090e-02
1.0413000e-04,-5.73200e-02
1.0418000e-04,-4.86310e-02
1.0423000e-04,-3.59900e-02
1.0428000e-04,-2.59080e-02
1.0433000e-04,-1.26070e-02
1.0438000e-04,-6.10920e-04
1.0443000e-04,1.26230e-02
1.0448000e-04,2.57090e-02
1.0453000e-04,4.09590e-02
1.0458000e-04,5.44830e-02
1.0463000e-04,6.88000e-02
1.0468000e-04,8.16180e-02
1.0473000e-04,9.63960e-02
1.0478000e-04,1.10300e-01
1.0483000e-04,1.25350e-01
1.0488000e-04,1.40340e-01
1.0493000e-04,1.66710e-01
1.0498000e-04,1.78740e-01
1.0503000e-04,1.89360e-01
1.0508000e-04,1.99890e-01
1.0513000e-04,2.12770e-01
1.0518000e-04,2.19330e-01
1.0523000e-04,2.28670e-01
1.0528000e-04,2.36720e-01
1.0533000e-04,2.42910e-01
1.0538000e-04,2.49140e-01
1.0543000e-04,2.54870e-01
1.0548000e-04,2.59720e-01
1.0553000e-04,2.60380e-01
1.0558000e-04,2.63840e-01
1.0563000e-04,2.63840e-01
1.0568000e-04,2.62300e-01
1.0573000e-04,2.62300e-01
1.0578000e-04,2.62300e-01
1.0583000e-04,2.60010e-01
1.0588000e-04,2.56300e-01
1.0593000e-04,2.52690e-01
1.0598000e-04,2.46000e-01
1.0603000e-04,2.39890e-01
1.0608000e-04,2.33760e-01
1.0613000e-04,2.16730e-01
1.0618000e-04,2.07850e-01
1.0623000e-04,2.01820e-01
1.0628000e-04,1.92160e-01
1.0633000e-04,1.82710e-01
1.0638000e-04,1.72320e-01
1.0643000e-04,1.64630e-01
1.0648000e-04,1.54960e-01
1.0653000e-04,1.45850e-01
1.0658000e-04,1.35720e-01
1.0663000e-04,1.28280e-01
1.0668000e-04,1.17680e-01
1.0673000e-04,1.12500e-01
1.0678000e-04,1.03640e-01
1.0683000e-04,9.95550e-02
1.0688000e-04,9.30860e-02
1.0693000e-04,8.96980e-02
1.0698000e-04,8.44030e-02
1.0703000e-04,8.22470e-02
1.0708000e-04,7.96350e-02
1.0713000e-04,8.00750e-02
1.0718000e-04,7.88320e-02
1.0723000e-04,7.72320e-02
1.0728000e-04,7.90760e-02
1.0733000e-04,8.61090e-02
1.0738000e-04,9.11880e-02
1.0743000e-04,9.52450e-02
1.0748000e-04,1.00630e-01
1.0753000e-04,1.07770e-01
1.0758000e-04,1.15000e-01
1.0763000e-04,1.22300e-01
1.0768000e-04,1.29020e-01
1.0773000e-04,1.36780e-01
1.0778000e-04,1.47520e-01
1.0783000e-04,1.54660e-01
1.0788000e-04,1.62300e-01
1.0793000e-04,1.70760e-01
1.0798000e-04,1.77630e-01
1.0803000e-04,1.85540e-01
1.0808000e-04,1.91360e-01
1.0813000e-04,1.98890e-01
1.0818000e-04,2.03810e-01
1.0823000e-04,2.09220e-01
1.0828000e-04,2.11120e-01
1.0833000e-04,2.15310e-01
1.0838000e-04,2.20840e-01
1.0843000e-04,2.20840e-01
1.0848000e-04,2.19470e-01
1.0853000e-04,2.18360e-01
1.0858000e-04,2.14530e-01
1.0863000e-04,2.10610e-01
1.0868000e-04,2.05310e-01
1.0873000e-04,1.97050e-01
1.0878000e-04,1.88950e-01
1.0883000e-04,1.78780e-01
1.0888000e-04,1.70000e-01
1.0893000e-04,1.59770e-01
1.0898000e-04,1.43760e-01
1.0903000e-04,1.30940e-01
1.0908000e-04,1.13040e-01
1.0913000e-04,9.97510e-02
1.0918000e-04,8.11230e-02
1.0923000e-04,6.33450e-02
1.0928000e-04,4.39180e-02
1.0933000e-04,2.69550e-02
1.0938000e-04,8.08840e-03
1.0943000e-04,-1.37490e-02
1.0948000e-04,-3.28370e-02
1.0953000e-04,-5.27040e-02
1.0958000e-04,-7.44290e-02
1.0963000e-04,-9.23280e-02
1.0968000e-04,-1.11790e-01
1.0973000e-04,-1.51080e-01
1.0978000e-04,-1.68800e-01
1.0983000e-04,-1.85760e-01
1.0988000e-04,-2.00970e-01
1.0993000e-04,-2.16010e-01
1.0998000e-04,-2.31550e-01
1.1003000e-04,-2.44350e-01
1.1008000e-04,-2.56150e-01
1.1013000e-04,-2.64850e-01
1.1018000e-04,-2.75190e-01
1.1023000e-04,-2.79650e-01
1.1028000e-04,-2.87610e-01
1.1033000e-04,-2.90030e-01
1.1038000e-04,-2.93910e-01
1.1043000e-04,-2.90860e-01
1.1048000e-04,-2.91890e-01
1.1053000e-04,-2.87390e-01
1.1058000e-04,-2.84630e-01
1.1063000e-04,-2.76660e-01
1.1068000e-04,-2.69040e-01
1.1073000e-04,-2.59070e-01
1.1078000e-04,-2.51860e-01
1.1083000e-04,-2.38750e-01
1.1088000e-04,-2.26480e-01
1.1093000e-04,-1.97830e-01
1.1098000e-04,-1.83080e-01
1.1103000e-04,-1.68540e-01
1.1108000e-04,-1.52060e-01
1.1113000e-04,-1.35770e-01
1.1118000e-04,-1.18370e-01
1.1123000e-04,-1.04000e-01
1.1128000e-04,-8.55800e-02
1.1133000e-04,-6.98560e-02
1.1138000e-04,-5.57460e-02
1.1143000e-04,-3.88690e-02
1.1148000e-04,-2.46040e-02
1.1153000e-04,-1.03180e-02
1.1158000e-04,3.52180e-03
1.1163000e-04,1.59340e-02
1.1168000e-04,2.88300e-02
1.1173000e-04,4.06620e-02
1.1178000e-04,4.85870e-02
1.1183000e-04,5.91580e-02
1.1188000e-04,6.62280e-02
1.1193000e-04,7.47720e-02
1.1198000e-04,7.91800e-02
1.1203000e-04,8.52560e-02
1.1208000e-04,9.00860e-02
1.1213000e-04,9.31230e-02
1.1218000e-04,9.50510e-02
1.1223000e-04,9.53570e-02
1.1228000e-04,9.34640e-02
1.1233000e-04,9.09470e-02
1.1238000e-04,8.82800e-02
1.1243000e-04,8.44850e-02
1.1248000e-04,7.91940e-02
1.1253000e-04,7.26700e-02
1.1258000e-04,6.81350e-02
1.1263000e-04,5.96630e-02
1.1268000e-04,5.26360e-02
1.1273000e-04,4.53610e-02
1.1278000e-04,3.79650e-02
1.1283000e-04,2.79900e-02
1.1288000e-04,1.85240e-02
1.1293000e-04,1.00430e-02
1.1298000e-04,-8.18240e-04
1.1303000e-04,-9.33310e-03
1.1308000e-04,-2.22700e-02
1.1313000e-04,-3.22360e-02
1.1318000e-04,-4.06680e-02
1.1323000e-04,-5.25520e-02
1.1328000e-04,-5.99860e-02
1.1333000e-04,-8.14580e-02
1.1338000e-04,-9.09290e-02
1.1343000e-04,-1.01230e-01
1.1348000e-04,-1.09920e-01
1.1353000e-04,-1.17080e-01
1.1358000e-04,-1.27230e-01
1.1363000e-04,-1.33400e-01
1.1368000e-04,-1.40640e-01
1.1373000e-04,-1.46790e-01
1.1378000e-04,-1.52520e-01
1.1383000e-04,-1.57230e-01
1.1388000e-04,-1.63460e-01
1.1393000e-04,-1.68020e-01
1.1398000e-04,-1.71540e-01
1.1403000e-04,-1.73610e-01
1.1408000e-04,-1.76630e-01
1.1413000e-04,-1.79020e-01
1.1418000e-04,-1.78600e-01
1.1423000e-04,-1.79410e-01
1.1428000e-04,-1.80160e-01
1.1433000e-04,-1.78230e-01
1.1438000e-04,-1.77840e-01
1.1443000e-04,-1.76850e-01
1.1448000e-04,-1.73150e-01
1.1453000e-04,-1.66040e-01
1.1458000e-04,-1.63030e-01
1.1463000e-04,-1.59330e-01
1.1468000e-04,-1.54230e-01
1.1473000e-04,-1.49020e-01
1.1478000e-04,-1.44510e-01
1.1483000e-04,-1.41160e-01
1.1488000e-04,-1.34770e-01
1.1493000e-04,-1.29420e-01
1.1498000e-04,-1.22610e-01
1.1503000e-04,-1.17560e-01
1.1508000e-04,-1.11820e-01
1.1513000e-04,-1.04160e-01
1.1518000e-04,-9.98890e-02
1.1523000e-04,-9.34190e-02
1.1528000e-04,-8.86400e-02
1.1533000e-04,-8.21980e-02
1.1538000e-04,-7.72980e-02
1.1543000e-04,-7.21020e-02
1.1548000e-04,-6.55810e-02
1.1553000e-04,-6.15840e-02
1.1558000e-04,-5.58020e-02
1.1563000e-04,-5.05000e-02
1.1568000e-04,-4.85530e-02
1.1573000e-04,-3.96650e-02
1.1578000e-04,-3.72200e-02
1.1583000e-04,-3.55430e-02
1.1588000e-04,-3.17790e-02
1.1593000e-04,-2.79980e-02
1.1598000e-04,-2.81790e-02
1.1603000e-04,-2.66200e-02
1.1608000e-04,-2.50120e-02
1.1613000e-04,-2.45640e-02
1.1618000e-04,-2.48240e-02
1.1623000e-04,-2.48240e-02
1.1628000e-04,-2.65250e-02
1.1633000e-04,-2.68630e-02
1.1638000e-04,-2.91410e-02
1.1643000e-04,-3.11980e-02
1.1648000e-04,-3.32350e-02
1.1653000e-04,-3.73620e-02
1.1658000e-04,-4.03550e-02
1.1663000e-04,-4.36310e-02
1.1668000e-04,-4.87900e-02
1.1673000e-04,-5.16640e-02
1.1678000e-04,-5.68690e-02
1.1683000e-04,-6.18790e-02
1.1688000e-04,-6.63570e-02
1.1693000e-04,-7.70540e-02
1.1698000e-04,-8.36880e-02
1.1703000e-04,-8.88590e-02
1.1708000e-04,-9.62470e-02
1.1713000e-04,-1.02070e-01
1.1718000e-04,-1.08400e-01
1.1723000e-04,-1.13030e-01
1.1728000e-04,-1.20930e-01
1.1733000e-04,-1.25960e-01
1.1738000e-04,-1.31940e-01
1.1743000e-04,-1.36560e-01
1.1748000e-04,-1.43140e-01
1.1753000e-04,-1.47250e-01
1.1758000e-04,-1.51920e-01
1.1763000e-04,-1.57200e-01
1.1768000e-04,-1.59780e-01
1.1773000e-04,-1.63950e-01
1.1778000e-04,-1.69700e-01
1.1783000e-04,-1.72060e-01
1.1788000e-04,-1.74990e-01
1.1793000e-04,-1.76020e-01
1.1798000e-04,-1.80570e-01
1.1803000e-04,-1.82460e-01
1.1808000e-04,-1.83870e-01
1.1813000e-04,-1.86950e-01
1.1818000e-04,-1.87520e-01
1.1823000e-04,-1.88460e-01
1.1828000e-04,-1.88390e-01
1.1833000e-04,-1.89290e-01
1.1838000e-04,-1.88740e-01
1.1843000e-04,-1.90450e-01
1.1848000e-04,-1.90580e-01
1.1853000e-04,-1.90580e-01
1.1858000e-04,-1.87630e-01
1.1863000e-04,-1.89000e-01
1.1868000e-04,-1.89390e-01
1.1873000e-04,-1.88190e-01
1.1878000e-04,-1.85970e-01
1.1883000e-04,-1.87050e-01
1.1888000e-04,-1.85340e-01
1.1893000e-04,-1.84390e-01
1.1898000e-04,-1.84610e-01
1.1903000e-04,-1.85650e-01
1.1908000e-04,-1.83920e-01
1.1913000e-04,-1.83920e-01
1.1918000e-04,-1.82190e-01
1.1923000e-04,-1.85840e-01
1.1928000e-04,-1.83400e-01
1.1933000e-04,-1.83980e-01
1.1938000e-04,-1.83980e-01
1.1943000e-04,-1.83240e-01
1.1948000e-04,-1.85760e-01
1.1953000e-04,-1.85760e-01
1.1958000e-04,-1.85940e-01
1.1963000e-04,-1.84270e-01
1.1968000e-04,-1.85630e-01
1.1973000e-04,-1.85630e-01
1.1978000e-04,-1.84470e-01
1.1983000e-04,-1.84470e-01
1.1988000e-04,-1.85540e-01
1.1993000e-04,-1.84060e-01
1.1998000e-04,-1.85540e-01
1.2003000e-04,-1.83950e-01
1.2008000e-04,-1.82500e-01
1.2013000e-04,-1.80750e-01
1.2018000e-04,-1.80040e-01
1.2023000e-04,-1.79200e-01
1.2028000e-04,-1.77140e-01
1.2033000e-04,-1.74000e-01
1.2038000e-04,-1.73900e-01
1.2043000e-04,-1.69110e-01
1.2048000e-04,-1.67370e-01
1.2053000e-04,-1.60070e-01
1.2058000e-04,-1.56090e-01
1.2063000e-04,-1.51950e-01
1.2068000e-04,-1.47850e-01
1.2073000e-04,-1.43400e-01
1.2078000e-04,-1.38850e-01
1.2083000e-04,-1.32940e-01
1.2088000e-04,-1.30410e-01
1.2093000e-04,-1.26250e-01
1.2098000e-04,-1.20500e-01
1.2103000e-04,-1.14940e-01
1.2108000e-04,-1.12620e-01
1.2113000e-04,-1.07580e-01
1.2118000e-04,-1.02000e-01
1.2123000e-04,-1.00700e-01
1.2128000e-04,-9.67300e-02
1.2133000e-04,-9.23970e-02
1.2138000e-04,-8.87100e-02
1.2143000e-04,-8.74790e-02
1.2148000e-04,-8.58560e-02
1.2153000e-04,-8.49210e-02
1.2158000e-04,-8.49210e-02
1.2163000e-04,-8.56340e-02
1.2168000e-04,-8.56340e-02
1.2173000e-04,-8.84590e-02
1.2178000e-04,-9.14060e-02
1.2183000e-04,-9.38810e-02
1.2188000e-04,-9.84420e-02
1.2193000e-04,-1.00340e-01
1.2198000e-04,-1.07370e-01
1.2203000e-04,-1.12780e-01
1.2208000e-04,-1.18490e-01
1.2213000e-04,-1.26370e-01
1.2218000e-04,-1.32410e-01
1.2223000e-04,-1.38380e-01
1.2228000e-04,-1.47320e-01
1.2233000e-04,-1.56240e-01
1.2238000e-04,-1.64150e-01
1.2243000e-04,-1.72220e-01
1.2248000e-04,-1.80300e-01
1.2253000e-04,-1.88540e-01
1.2258000e-04,-1.98310e-01
1.2263000e-04,-2.06670e-01
1.2268000e-04,-2.17500e-01
1.2273000e-04,-2.23960e-01
1.2278000e-04,-2.31110e-01
1.2283000e-04,-2.40470e-01
1.2288000e-04,-2.55450e-01
1.2293000e-04,-2.62710e-01
1.2298000e-04,-2.67820e-01
1.2303000e-04,-2.75310e-01
1.2308000e-04,-2.82150e-01
1.2313000e-04,-2.86750e-01
1.2318000e-04,-2.90730e-01
1.2323000e-04,-2.95880e-01
1.2328000e-04,-3.00620e-01
1.2333000e-04,-3.03920e-01
1.2338000e-04,-3.06990e-01
1.2343000e-04,-3.10830e-01
1.2348000e-04,-3.12390e-01
1.2353000e-04,-3.15400e-01
1.2358000e-04,-3.15620e-01
1.2363000e-04,-3.19300e-01
1.2368000e-04,-3.20350e-01
1.2373000e-04,-3.21490e-01
1.2378000e-04,-3.21820e-01
1.2383000e-04,-3.21820e-01
1.2388000e-04,-3.23040e-01
1.2393000e-04,-3.25030e-01
1.2398000e-04,-3.24530e-01
1.2403000e-04,-3.23970e-01
1.2408000e-04,-3.26180e-01
1.2413000e-04,-3.24500e-01
1.2418000e-04,-3.26900e-01
1.2423000e-04,-3.24500e-01
1.2428000e-04,-3.24500e-01
1.2433000e-04,-3.25060e-01
1.2438000e-04,-3.27520e-01
1.2443000e-04,-3.27400e-01
1.2448000e-04,-3.26700e-01
1.2453000e-04,-3.26310e-01
1.2458000e-04,-3.26310e-01
1.2463000e-04,-3.27250e-01
1.2468000e-04,-3.28290e-01
1.2473000e-04,-3.28290e-01
1.2478000e-04,-3.27900e-01
1.2483000e-04,-3.26160e-01
1.2488000e-04,-3.27000e-01
1.2493000e-04,-3.25480e-01
1.2498000e-04,-3.26500e-01
1.2503000e-04,-3.23590e-01
1.2508000e-04,-3.22440e-01
1.2513000e-04,-3.21840e-01
1.2518000e-04,-3.20730e-01
1.2523000e-04,-3.17470e-01
1.2528000e-04,-3.14240e-01
1.2533000e-04,-3.09240e-01
1.2538000e-04,-3.05020e-01
1.2543000e-04,-3.02820e-01
1.2548000e-04,-2.97320e-01
1.2553000e-04,-2.93520e-01
1.2558000e-04,-2.86020e-01
1.2563000e-04,-2.80790e-01
1.2568000e-04,-2.74480e-01
1.2573000e-04,-2.69940e-01
1.2578000e-04,-2.61420e-01
1.2583000e-04,-2.54840e-01
1.2588000e-04,-2.45250e-01
1.2593000e-04,-2.38440e-01
1.2598000e-04,-2.29040e-01
1.2603000e-04,-2.22310e-01
1.2608000e-04,-2.11610e-01
1.2613000e-04,-2.03090e-01
1.2618000e-04,-1.92260e-01
1.2623000e-04,-1.85540e-01
1.2628000e-04,-1.75420e-01
1.2633000e-04,-1.65040e-01
1.2638000e-04,-1.54310e-01
1.2643000e-04,-1.45950e-01
1.2648000e-04,-1.34180e-01
1.2653000e-04,-1.16160e-01
1.2658000e-04,-1.07000e-01
1.2663000e-04,-9.68400e-02
1.2668000e-04,-8.93420e-02
1.2673000e-04,-7.97500e-02
1.2678000e-04,-7.34470e-02
1.2683000e-04,-6.36520e-02
1.2688000e-04,-5.77320e-02
1.2693000e-04,-5.11830e-02
1.2698000e-04,-4.51020e-02
1.2703000e-04,-3.89070e-02
1.2708000e-04,-3.38530e-02
1.2713000e-04,-2.96310e-02
1.2718000e-04,-2.75320e-02
1.2723000e-04,-2.26310e-02
1.2728000e-04,-2.05630e-02
1.2733000e-04,-1.74490e-02
1.2738000e-04,-1.66830e-02
1.2743000e-04,-1.42790e-02
1.2748000e-04,-1.50130e-02
1.2753000e-04,-1.60290e-02
1.2758000e-04,-1.60810e-02
1.2763000e-04,-1.60130e-02
1.2768000e-04,-1.81960e-02
1.2773000e-04,-2.43670e-02
1.2778000e-04,-2.62960e-02
1.2783000e-04,-2.92700e-02
1.2788000e-04,-3.24190e-02
1.2793000e-04,-3.58930e-02
1.2798000e-04,-4.19750e-02
1.2803000e-04,-4.62810e-02
1.2808000e-04,-4.93350e-02
1.2813000e-04,-5.43110e-02
1.2818000e-04,-5.85490e-02
1.2823000e-04,-6.19080e-02
1.2828000e-04,-7.06420e-02
1.2833000e-04,-7.42090e-02
1.2838000e-04,-7.95530e-02
1.2843000e-04,-8.14130e-02
1.2848000e-04,-8.66830e-02
1.2853000e-04,-9.24100e-02
1.2858000e-04,-9.52800e-02
1.2863000e-04,-9.91020e-02
1.2868000e-04,-1.01790e-01
1.2873000e-04,-1.05200e-01
1.2878000e-04,-1.07650e-01
1.2883000e-04,-1.12600e-01
1.2888000e-04,-1.13730e-01
1.2893000e-04,-1.17280e-01
1.2898000e-04,-1.20090e-01
1.2903000e-04,-1.20220e-01
1.2908000e-04,-1.20220e-01
1.2913000e-04,-1.23180e-01
1.2918000e-04,-1.22970e-01
1.2923000e-04,-1.22970e-01
1.2928000e-04,-1.22970e-01
1.2933000e-04,-1.24170e-01
1.2938000e-04,-1.24170e-01
1.2943000e-04,-1.22080e-01
1.2948000e-04,-1.22360e-01
1.2953000e-04,-1.20690e-01
1.2958000e-04,-1.19410e-01
1.2963000e-04,-1.16550e-01
1.2968000e-04,-1.14250e-01
1.2973000e-04,-1.12260e-01
1.2978000e-04,-1.12070e-01
1.2983000e-04,-1.07470e-01
1.2988000e-04,-1.05760e-01
1.2993000e-04,-1.01490e-01
1.2998000e-04,-1.00030e-01
1.3003000e-04,-9.79320e-02
1.3008000e-04,-9.60800e-02
1.3013000e-04,-9.06340e-02
1.3018000e-04,-8.79050e-02
1.3023000e-04,-8.60040e-02
1.3028000e-04,-8.32070e-02
1.3033000e-04,-8.13670e-02
1.3038000e-04,-7.87520e-02
1.3043000e-04,-7.85080e-02
1.3048000e-04,-7.81680e-02
1.3053000e-04,-7.61090e-02
1.3058000e-04,-7.58580e-02
1.3063000e-04,-7.60550e-02
1.3068000e-04,-7.56960e-02
1.3073000e-04,-7.75050e-02
1.3078000e-04,-7.83610e-02
1.3083000e-04,-7.93980e-02
1.3088000e-04,-8.25440e-02
1.3093000e-04,-8.59020e-02
1.3098000e-04,-8.72140e-02
1.3103000e-04,-9.19870e-02
1.3108000e-04,-9.54770e-02
1.3113000e-04,-1.00860e-01
1.3118000e-04,-1.05560e-01
1.3123000e-04,-1.09160e-01
1.3128000e-04,-1.23430e-01
1.3133000e-04,-1.29120e-01
1.3138000e-04,-1.35100e-01
1.3143000e-04,-1.42290e-01
1.3148000e-04,-1.51340e-01
1.3153000e-04,-1.55650e-01
1.3158000e-04,-1.65220e-01
1.3163000e-04,-1.72650e-01
1.3168000e-04,-1.81020e-01
1.3173000e-04,-1.87690e-01
1.3178000e-04,-1.98380e-01
1.3183000e-04,-2.02980e-01
1.3188000e-04,-2.13610e-01
1.3193000e-04,-2.20550e-01
1.3198000e-04,-2.29490e-01
1.3203000e-04,-2.35860e-01
1.3208000e-04,-2.43770e-01
1.3213000e-04,-2.51760e-01
1.3218000e-04,-2.59350e-01
1.3223000e-04,-2.64080e-01
1.3228000e-04,-2.72670e-01
1.3233000e-04,-2.76150e-01
1.3238000e-04,-2.81220e-01
1.3243000e-04,-2.86060e-01
1.3248000e-04,-2.92690e-01
1.3253000e-04,-2.96280e-01
1.3258000e-04,-2.97250e-01
1.3263000e-04,-2.98170e-01
1.3268000e-04,-2.98780e-01
1.3273000e-04,-2.98900e-01
1.3278000e-04,-2.98520e-01
1.3283000e-04,-2.97070e-01
1.3288000e-04,-2.92770e-01
1.3293000e-04,-2.91190e-01
1.3298000e-04,-2.86360e-01
1.3303000e-04,-2.83580e-01
1.3308000e-04,-2.77620e-01
1.3313000e-04,-2.72230e-01
1.3318000e-04,-2.65510e-01
1.3323000e-04,-2.58950e-01
1.3328000e-04,-2.51700e-01
1.3333000e-04,-2.44080e-01
1.3338000e-04,-2.34280e-01
1.3343000e-04,-2.25580e-01
1.3348000e-04,-2.18120e-01
1.3353000e-04,-2.09850e-01
1.3358000e-04,-1.98520e-01
1.3363000e-04,-1.89800e-01
1.3368000e-04,-1.70340e-01
1.3373000e-04,-1.60340e-01
1.3378000e-04,-1.49630e-01
1.3383000e-04,-1.39640e-01
1.3388000e-04,-1.31100e-01
1.3393000e-04,-1.21550e-01
1.3398000e-04,-1.12960e-01
1.3403000e-04,-1.02900e-01
1.3408000e-04,-9.58290e-02
1.3413000e-04,-8.65070e-02
1.3418000e-04,-7.98200e-02
1.3423000e-04,-7.20210e-02
1.3428000e-04,-6.51060e-02
1.3433000e-04,-5.98560e-02
1.3438000e-04,-5.29940e-02
1.3443000e-04,-4.67930e-02
1.3448000e-04,-4.23300e-02
1.3453000e-04,-3.89670e-02
1.3458000e-04,-3.49610e-02
1.3463000e-04,-3.05620e-02
1.3468000e-04,-2.75100e-02
1.3473000e-04,-2.52590e-02
1.3478000e-04,-2.32490e-02
1.3483000e-04,-2.16940e-02
1.3488000e-04,-2.00920e-02
1.3493000e-04,-2.02610e-02
1.3498000e-04,-1.93620e-02
1.3503000e-04,-2.11830e-02
1.3508000e-04,-2.14140e-02
1.3513000e-04,-2.23290e-02
1.3518000e-04,-2.30610e-02
1.3523000e-04,-2.56810e-02
1.3528000e-04,-2.90070e-02
1.3533000e-04,-2.91910e-02
1.3538000e-04,-3.15350e-02
1.3543000e-04,-3.36780e-02
1.3548000e-04,-3.71550e-02
1.3553000e-04,-3.75620e-02
1.3558000e-04,-4.08870e-02
1.3563000e-04,-4.27740e-02
1.3568000e-04,-4.36370e-02
1.3573000e-04,-4.56970e-02
1.3578000e-04,-4.81690e-02
1.3583000e-04,-4.84250e-02
1.3588000e-04,-4.96370e-02
1.3593000e-04,-5.05310e-02
1.3598000e-04,-5.13000e-02
1.3603000e-04,-5.09780e-02
1.3608000e-04,-5.26780e-02
1.3613000e-04,-5.03300e-02
1.3618000e-04,-4.91480e-02
1.3623000e-04,-4.86290e-02
1.3628000e-04,-4.68050e-02
1.3633000e-04,-4.60370e-02
1.3638000e-04,-4.32020e-02
1.3643000e-04,-4.09910e-02
1.3648000e-04,-4.08610e-02
1.3653000e-04,-3.69090e-02
1.3658000e-04,-3.42420e-02
1.3663000e-04,-2.95120e-02
1.3668000e-04,-2.70710e-02
1.3673000e-04,-2.27260e-02
1.3678000e-04,-1.94000e-02
1.3683000e-04,-1.54840e-02
1.3688000e-04,-1.38470e-02
1.3693000e-04,-7.80230e-03
1.3698000e-04,-4.38310e-03
1.3703000e-04,-8.38240e-04
1.3708000e-04,2.68980e-03
1.3713000e-04,6.15430e-03
1.3718000e-04,9.53580e-03
1.3723000e-04,1.18760e-02
1.3728000e-04,1.69780e-02
1.3733000e-04,1.69780e-02
1.3738000e-04,2.25630e-02
1.3743000e-04,2.24710e-02
1.3748000e-04,2.32100e-02
1.3753000e-04,2.56780e-02
1.3758000e-04,2.70270e-02
1.3763000e-04,2.56550e-02
1.3768000e-04,2.36880e-02
1.3773000e-04,2.46640e-02
1.3778000e-04,2.28670e-02
1.3783000e-04,2.04660e-02
1.3788000e-04,1.78220e-02
1.3793000e-04,1.72390e-02
1.3798000e-04,1.25170e-02
1.3803000e-04,8.13410e-03
1.3808000e-04,4.72640e-03
1.3813000e-04,-9.24530e-05
1.3818000e-04,-2.11490e-03
1.3823000e-04,-1.10910e-02
1.3828000e-04,-1.46950e-02
1.3833000e-04,-2.11130e-02
1.3838000e-04,-2.87220e-02
1.3843000e-04,-3.60570e-02
1.3848000e-04,-4.88420e-02
1.3853000e-04,-5.65040e-02
1.3858000e-04,-6.39100e-02
1.3863000e-04,-7.03390e-02
1.3868000e-04,-7.72220e-02
1.3873000e-04,-8.32130e-02
1.3878000e-04,-9.15770e-02
1.3883000e-04,-9.83600e-02
1.3888000e-04,-1.05740e-01
1.3893000e-04,-1.10310e-01
1.3898000e-04,-1.17410e-01
1.3903000e-04,-1.22150e-01
1.3908000e-04,-1.27520e-01
1.3913000e-04,-1.32260e-01
1.3918000e-04,-1.37310e-01
1.3923000e-04,-1.40660e-01
1.3928000e-04,-1.43800e-01
1.3933000e-04,-1.48520e-01
1.3938000e-04,-1.48520e-01
1.3943000e-04,-1.48520e-01
1.3948000e-04,-1.49890e-01
1.3953000e-04,-1.49890e-01
1.3958000e-04,-1.48670e-01
1.3963000e-04,-1.46780e-01
1.3968000e-04,-1.42120e-01
1.3973000e-04,-1.38590e-01
1.3978000e-04,-1.33940e-01
1.3983000e-04,-1.28560e-01
1.3988000e-04,-1.24340e-01
1.3993000e-04,-1.16850e-01
1.3998000e-04,-1.09440e-01
1.4003000e-04,-1.01880e-01
1.4008000e-04,-9.34330e-02
1.4013000e-04,-8.48990e-02
1.4018000e-04,-7.61550e-02
1.4023000e-04,-6.64500e-02
1.4028000e-04,-5.59030e-02
1.4033000e-04,-4.56560e-02
1.4038000e-04,-3.75170e-02
1.4043000e-04,-2.41120e-02
1.4048000e-04,-1.22750e-02
1.4053000e-04,-3.04880e-03
1.4058000e-04,9.05130e-03
1.4063000e-04,1.92400e-02
1.4068000e-04,3.01650e-02
1.4073000e-04,4.26860e-02
1.4078000e-04,5.21040e-02
1.4083000e-04,6.20080e-02
1.4088000e-04,7.17580e-02
1.4093000e-04,9.12740e-02
1.4098000e-04,9.99120e-02
1.4103000e-04,1.07150e-01
1.4108000e-04,1.15080e-01
1.4113000e-04,1.21990e-01
1.4118000e-04,1.28900e-01
1.4123000e-04,1.34000e-01
1.4128000e-04,1.39730e-01
1.4133000e-04,1.45260e-01
1.4138000e-04,1.48270e-01
1.4143000e-04,1.54060e-01
1.4148000e-04,1.55850e-01
1.4153000e-04,1.58840e-01
1.4158000e-04,1.59760e-01
1.4163000e-04,1.62960e-01
1.4168000e-04,1.60530e-01
1.4173000e-04,1.59330e-01
1.4178000e-04,1.59240e-01
1.4183000e-04,1.56950e-01
1.4188000e-04,1.55200e-01
1.4193000e-04,1.50230e-01
1.4198000e-04,1.46670e-01
1.4203000e-04,1.44580e-01
1.4208000e-04,1.40960e-01
1.4213000e-04,1.29040e-01
1.4218000e-04,1.19960e-01
1.4223000e-04,1.17970e-01
1.4228000e-04,1.11080e-01
1.4233000e-04,1.07280e-01
1.4238000e-04,9.94610e-02
1.4243000e-04,9.33630e-02
1.4248000e-04,8.48640e-02
1.4253000e-04,8.19460e-02
1.4258000e-04,7.48690e-02
1.4263000e-04,7.11550e-02
1.4268000e-04,6.41760e-02
1.4273000e-04,5.88680e-02
1.4278000e-04,5.37190e-02
1.4283000e-04,5.03770e-02
1.4288000e-04,4.67690e-02
1.4293000e-04,4.33020e-02
1.4298000e-04,3.77550e-02
1.4303000e-04,3.72070e-02
1.4308000e-04,3.47120e-02
1.4313000e-04,3.20940e-02
1.4318000e-04,2.98980e-02
1.4323000e-04,2.78680e-02
1.4328000e-04,2.78680e-02
1.4333000e-04,2.99170e-02
1.4338000e-04,3.18100e-02
1.4343000e-04,3.29210e-02
1.4348000e-04,3.43560e-02
1.4353000e-04,3.74030e-02
1.4358000e-04,4.03400e-02
1.4363000e-04,4.47310e-02
1.4368000e-04,4.58870e-02
1.4373000e-04,4.97800e-02
1.4378000e-04,5.44600e-02
1.4383000e-04,5.94120e-02
1.4388000e-04,6.31350e-02
1.4393000e-04,6.66640e-02
1.4398000e-04,7.30760e-02
1.4403000e-04,7.56970e-02
1.4408000e-04,8.17840e-02
1.4413000e-04,8.41000e-02
1.4418000e-04,8.97010e-02
1.4423000e-04,9.10200e-02
1.4428000e-04,9.52160e-02
1.4433000e-04,9.94970e-02
1.4438000e-04,1.03500e-01
1.4443000e-04,1.03390e-01
1.4448000e-04,1.06830e-01
1.4453000e-04,1.10560e-01
1.4458000e-04,1.09020e-01
1.4463000e-04,1.09640e-01
1.4468000e-04,1.09640e-01
1.4473000e-04,1.08530e-01
1.4478000e-04,1.08530e-01
1.4483000e-04,1.03120e-01
1.4488000e-04,1.01070e-01
1.4493000e-04,9.73960e-02
1.4498000e-04,9.31840e-02
1.4503000e-04,9.02720e-02
1.4508000e-04,8.23990e-02
1.4513000e-04,7.91490e-02
1.4518000e-04,7.14130e-02
1.4523000e-04,6.71410e-02
1.4528000e-04,5.82920e-02
1.4533000e-04,5.35210e-02
1.4538000e-04,4.51220e-02
1.4543000e-04,3.98110e-02
1.4548000e-04,3.03370e-02
1.4553000e-04,2.25540e-02
1.4558000e-04,1.49770e-02
1.4563000e-04,8.60040e-03
1.4568000e-04,1.12630e-03
1.4573000e-04,-1.44240e-02
1.4578000e-04,-2.28150e-02
1.4583000e-04,-2.83370e-02
1.4588000e-04,-3.60670e-02
1.4593000e-04,-4.30340e-02
1.4598000e-04,-4.92250e-02
1.4603000e-04,-5.43270e-02
1.4608000e-04,-5.82870e-02
1.4613000e-04,-6.28010e-02
1.4618000e-04,-6.59410e-02
1.4623000e-04,-7.29660e-02
1.4628000e-04,-7.29660e-02
1.4633000e-04,-7.41190e-02
1.4638000e-04,-7.48860e-02
1.4643000e-04,-7.54330e-02
1.4648000e-04,-7.54330e-02
1.4653000e-04,-7.54910e-02
1.4658000e-04,-7.33780e-02
1.4663000e-04,-7.06250e-02
1.4668000e-04,-6.82790e-02
1.4673000e-04,-6.38750e-02
1.4678000e-04,-5.99160e-02
1.4683000e-04,-5.59380e-02
1.4688000e-04,-5.07430e-02
1.4693000e-04,-3.94270e-02
1.4698000e-04,-3.07950e-02
1.4703000e-04,-2.41360e-02
1.4708000e-04,-1.62350e-02
1.4713000e-04,-7.35760e-03
1.4718000e-04,2.30250e-04
1.4723000e-04,8.66500e-03
1.4728000e-04,1.64440e-02
1.4733000e-04,2.57910e-02
1.4738000e-04,3.39920e-02
1.4743000e-04,4.39840e-02
1.4748000e-04,5.12580e-02
1.4753000e-04,6.09090e-02
1.4758000e-04,6.75260e-02
1.4763000e-04,7.63750e-02
1.4768000e-04,8.24590e-02
1.4773000e-04,9.18230e-02
1.4778000e-04,9.86410e-02
1.4783000e-04,1.07310e-01
1.4788000e-04,1.11850e-01
1.4793000e-04,1.17660e-01
1.4798000e-04,1.22230e-01
1.4803000e-04,1.28420e-01
1.4808000e-04,1.37380e-01
1.4813000e-04,1.39020e-01
1.4818000e-04,1.43050e-01
1.4823000e-04,1.44600e-01
1.4828000e-04,1.45430e-01
1.4833000e-04,1.45430e-01
1.4838000e-04,1.48750e-01
1.4843000e-04,1.48750e-01
1.4848000e-04,1.46200e-01
1.4853000e-04,1.43620e-01
1.4858000e-04,1.42310e-01
1.4863000e-04,1.40480e-01
1.4868000e-04,1.36630e-01
1.4873000e-04,1.31380e-01
1.4878000e-04,1.29820e-01
1.4883000e-04,1.26490e-01
1.4888000e-04,1.22600e-01
1.4893000e-04,1.17180e-01
1.4898000e-04,1.12130e-01
1.4903000e-04,1.07500e-01
1.4908000e-04,1.02440e-01
1.4913000e-04,9.78920e-02
1.4918000e-04,9.38790e-02
1.4923000e-04,8.63600e-02
1.4928000e-04,7.68620e-02
1.4933000e-04,7.40240e-02
1.4938000e-04,6.86320e-02
1.4943000e-04,6.55860e-02
1.4948000e-04,6.05560e-02
1.4953000e-04,5.93710e-02
1.4958000e-04,5.41450e-02
1.4963000e-04,5.43740e-02
1.4968000e-04,5.12740e-02
1.4973000e-04,4.92260e-02
1.4978000e-04,4.70850e-02
1.4983000e-04,4.93540e-02
1.4988000e-04,4.86020e-02
1.4993000e-04,4.92490e-02
1.4998000e-04,4.92490e-02
