3.0000000e-08,2.51500e-04
8.0000000e-08,2.34870e-03
1.3000000e-07,2.84210e-03
1.8000000e-07,3.75310e-03
2.3000000e-07,4.83580e-03
2.8000000e-07,4.41220e-03
3.3000000e-07,5.27800e-03
3.8000000e-07,6.09360e-03
4.3000000e-07,5.51920e-03
4.8000000e-07,6.46280e-03
5.3000000e-07,6.36290e-03
5.8000000e-07,5.71140e-03
6.3000000e-07,6.36870e-03
6.8000000e-07,6.36870e-03
7.3000000e-07,4.95720e-03
7.8000000e-07,4.95720e-03
8.3000000e-07,3.71880e-03
8.8000000e-07,3.71880e-03
9.3000000e-07,3.72570e-03
9.8000000e-07,2.62580e-03
1.0300000e-06,2.05880e-03
1.0800000e-06,1.49030e-03
1.1300000e-06,6.26670e-04
1.1800000e-06,-9.19540e-05
1.2300000e-06,-1.22540e-03
1.2800000e-06,-3.23800e-03
1.3300000e-06,-3.50830e-03
1.3800000e-06,-4.83420e-03
1.4300000e-06,-5.89920e-03
1.4800000e-06,-5.84050e-03
1.5300000e-06,-8.55570e-03
1.5800000e-06,-8.87800e-03
1.6300000e-06,-9.95120e-03
1.6800000e-06,-9.48280e-03
1.7300000e-06,-1.04700e-02
1.7800000e-06,-1.23160e-02
1.8300000e-06,-1.37530e-02
1.8800000e-06,-1.09430e-02
1.9300000e-06,-1.30240e-02
1.9800000e-06,-1.27690e-02
2.0300000e-06,-1.37690e-02
2.0800000e-06,-1.39500e-02
2.1300000e-06,-1.22630e-02
2.1800000e-06,-1.31210e-02
2.2300000e-06,-1.13560e-02
2.2800000e-06,-1.27480e-02
2.3300000e-06,-1.13210e-02
2.3800000e-06,-1.12140e-02
2.4300000e-06,-9.41920e-03
2.4800000e-06,-8.13830e-03
2.5300000e-06,-7.81350e-03
2.5800000e-06,-5.97940e-03
2.6300000e-06,-5.27940e-03
2.6800000e-06,-3.93130e-03
2.7300000e-06,-1.63130e-03
2.7800000e-06,-1.30900e-03
2.8300000e-06,-3.24340e-04
2.8800000e-06,2.22950e-03
2.9300000e-06,4.25350e-03
2.9800000e-06,6.71530e-03
3.0300000e-06,7.87900e-03
3.0800000e-06,7.81810e-03
3.1300000e-06,1.11240e-02
3.1800000e-06,1.10400e-02
3.2300000e-06,1.13020e-02
3.2800000e-06,1.37340e-02
3.3300000e-06,1.42950e-02
3.3800000e-06,1.42950e-02
3.4300000e-06,1.59690e-02
3.4800000e-06,1.57380e-02
3.5300000e-06,1.65840e-02
3.5800000e-06,1.65130e-02
3.6300000e-06,1.74620e-02
3.6800000e-06,1.64450e-02
3.7300000e-06,1.75590e-02
3.7800000e-06,1.68960e-02
3.8300000e-06,1.69520e-02
3.8800000e-06,1.69260e-02
3.9300000e-06,1.59480e-02
3.9800000e-06,1.59480e-02
4.0300000e-06,1.36740e-02
4.0800000e-06,1.36740e-02
4.1300000e-06,1.11420e-02
4.1800000e-06,1.11420e-02
4.2300000e-06,8.81290e-03
4.2800000e-06,7.82200e-03
4.3300000e-06,5.40760e-03
4.3800000e-06,3.53720e-03
4.4300000e-06,2.85140e-03
4.4800000e-06,5.74730e-04
4.5300000e-06,-2.39180e-04
4.5800000e-06,-1.59700e-03
4.6300000e-06,-3.47960e-03
4.6800000e-06,-4.76260e-03
4.7300000e-06,-7.56480e-03
4.7800000e-06,-7.96570e-03
4.8300000e-06,-8.96140e-03
4.8800000e-06,-1.08330e-02
4.9300000e-06,-1.14590e-02
4.9800000e-06,-1.25230e-02
5.0300000e-06,-1.41220e-02
5.0800000e-06,-1.37170e-02
5.1300000e-06,-1.38590e-02
5.1800000e-06,-1.56970e-02
5.2300000e-06,-1.45470e-02
5.2800000e-06,-1.50690e-02
5.3300000e-06,-1.45600e-02
5.3800000e-06,-1.54520e-02
5.4300000e-06,-1.54820e-02
5.4800000e-06,-1.35280e-02
5.5300000e-06,-1.39920e-02
5.5800000e-06,-1.36580e-02
5.6300000e-06,-1.14720e-02
5.6800000e-06,-1.28030e-02
5.7300000e-06,-1.03520e-02
5.7800000e-06,-9.95890e-03
5.8300000e-06,-9.27240e-03
5.8800000e-06,-7.74940e-03
5.9300000e-06,-6.43920e-03
5.9800000e-06,-5.35860e-03
6.0300000e-06,-3.83250e-03
6.0800000e-06,-1.87680e-03
6.1300000e-06,-1.29540e-04
6.1800000e-06,5.97630e-04
6.2300000e-06,1.78400e-03
6.2800000e-06,4.22690e-03
6.3300000e-06,5.28450e-03
6.3800000e-06,5.76110e-03
6.4300000e-06,8.49050e-03
6.4800000e-06,8.66290e-03
6.5300000e-06,1.10990e-02
6.5800000e-06,1.14490e-02
6.6300000e-06,1.31020e-02
6.6800000e-06,1.40540e-02
6.7300000e-06,1.35150e-02
6.7800000e-06,1.52650e-02
6.8300000e-06,1.63970e-02
6.8800000e-06,1.64270e-02
6.9300000e-06,1.64270e-02
6.9800000e-06,1.68510e-02
7.0300000e-06,1.68200e-02
7.0800000e-06,1.53780e-02
7.1300000e-06,1.63770e-02
7.1800000e-06,1.50440e-02
7.2300000e-06,1.44290e-02
7.2800000e-06,1.45320e-02
7.3300000e-06,1.25230e-02
7.3800000e-06,1.25230e-02
7.4300000e-06,1.12490e-02
7.4800000e-06,1.00160e-02
7.5300000e-06,9.77930e-03
7.5800000e-06,8.85720e-03
7.6300000e-06,6.89870e-03
7.6800000e-06,5.56880e-03
7.7300000e-06,3.29760e-03
7.7800000e-06,1.36750e-03
7.8300000e-06,3.44200e-04
7.8800000e-06,-2.50400e-03
7.9300000e-06,-3.21260e-03
7.9800000e-06,-3.21260e-03
8.0300000e-06,-6.52650e-03
8.0800000e-06,-7.15110e-03
8.1300000e-06,-8.93610e-03
8.1800000e-06,-9.76030e-03
8.2300000e-06,-9.95080e-03
8.2800000e-06,-1.29960e-02
8.3300000e-06,-1.28760e-02
8.3800000e-06,-1.46430e-02
8.4300000e-06,-1.46750e-02
8.4800000e-06,-1.49860e-02
8.5300000e-06,-1.59380e-02
8.5800000e-06,-1.47960e-02
8.6300000e-06,-1.60280e-02
8.6800000e-06,-1.57380e-02
8.7300000e-06,-1.54720e-02
8.7800000e-06,-1.59510e-02
8.8300000e-06,-1.59510e-02
8.8800000e-06,-1.39540e-02
8.9300000e-06,-1.39540e-02
8.9800000e-06,-1.24260e-02
9.0300000e-06,-1.09540e-02
9.0800000e-06,-1.09880e-02
9.1300000e-06,-9.63050e-03
9.1800000e-06,-1.00230e-02
9.2300000e-06,-7.44830e-03
9.2800000e-06,-6.33940e-03
9.3300000e-06,-4.48310e-03
9.3800000e-06,-2.59210e-03
9.4300000e-06,-2.69260e-03
9.4800000e-06,-1.68080e-04
9.5300000e-06,2.66550e-03
9.5800000e-06,2.07970e-03
9.6300000e-06,4.88160e-03
9.6800000e-06,6.36220e-03
9.7300000e-06,6.88020e-03
9.7800000e-06,9.08250e-03
9.8300000e-06,8.72600e-03
9.8800000e-06,1.19250e-02
9.9300000e-06,1.19250e-02
9.9800000e-06,1.24840e-02
1.0030000e-05,1.36580e-02
1.0080000e-05,1.40950e-02
1.0130000e-05,1.59230e-02
1.0180000e-05,1.59330e-02
1.0230000e-05,1.68630e-02
1.0280000e-05,1.70510e-02
1.0330000e-05,1.76760e-02
1.0380000e-05,1.70890e-02
1.0430000e-05,1.57870e-02
1.0480000e-05,1.54460e-02
1.0530000e-05,1.47280e-02
1.0580000e-05,1.43180e-02
1.0630000e-05,1.50780e-02
1.0680000e-05,1.23530e-02
1.0730000e-05,1.14560e-02
1.0780000e-05,1.05950e-02
1.0830000e-05,1.07040e-02
1.0880000e-05,8.84770e-03
1.0930000e-05,7.27780e-03
1.0980000e-05,6.28880e-03
1.1030000e-05,3.63230e-03
1.1080000e-05,4.49530e-03
1.1130000e-05,2.15170e-03
1.1180000e-05,2.02370e-04
1.1230000e-05,-1.44260e-03
1.1280000e-05,-3.18290e-03
1.1330000e-05,-6.43200e-03
1.1380000e-05,-7.09820e-03
1.1430000e-05,-7.09820e-03
1.1480000e-05,-9.77700e-03
1.1530000e-05,-9.77700e-03
1.1580000e-05,-1.18960e-02
1.1630000e-05,-1.31360e-02
1.1680000e-05,-1.43630e-02
1.1730000e-05,-1.41140e-02
1.1780000e-05,-1.53870e-02
1.1830000e-05,-1.44100e-02
1.1880000e-05,-1.54030e-02
1.1930000e-05,-1.63730e-02
1.1980000e-05,-1.70610e-02
1.2030000e-05,-1.49430e-02
1.2080000e-05,-1.49430e-02
1.2130000e-05,-1.58300e-02
1.2180000e-05,-1.45840e-02
1.2230000e-05,-1.53940e-02
1.2280000e-05,-1.28000e-02
1.2330000e-05,-1.28000e-02
1.2380000e-05,-1.25580e-02
1.2430000e-05,-1.19490e-02
1.2480000e-05,-1.12040e-02
1.2530000e-05,-8.42950e-03
1.2580000e-05,-6.77690e-03
1.2630000e-05,-5.44930e-03
1.2680000e-05,-3.86510e-03
1.2730000e-05,-1.83590e-03
1.2780000e-05,-1.99110e-03
1.2830000e-05,4.77870e-04
1.2880000e-05,2.07950e-03
1.2930000e-05,3.41190e-03
1.2980000e-05,4.43700e-03
1.3030000e-05,6.20190e-03
1.3080000e-05,7.43620e-03
1.3130000e-05,7.39390e-03
1.3180000e-05,9.71430e-03
1.3230000e-05,1.06120e-02
1.3280000e-05,1.02250e-02
1.3330000e-05,1.48190e-02
1.3380000e-05,1.37680e-02
1.3430000e-05,1.35920e-02
1.3480000e-05,1.59380e-02
1.3530000e-05,1.52870e-02
1.3580000e-05,1.69440e-02
1.3630000e-05,1.74200e-02
1.3680000e-05,1.66510e-02
1.3730000e-05,1.77400e-02
1.3780000e-05,1.69940e-02
1.3830000e-05,1.66580e-02
1.3880000e-05,1.76850e-02
1.3930000e-05,1.65270e-02
1.3980000e-05,1.56690e-02
1.4030000e-05,1.61260e-02
1.4080000e-05,1.38730e-02
1.4130000e-05,1.34540e-02
1.4180000e-05,1.24980e-02
1.4230000e-05,1.06740e-02
1.4280000e-05,1.06290e-02
1.4330000e-05,8.74210e-03
1.4380000e-05,6.15030e-03
1.4430000e-05,3.55030e-03
1.4480000e-05,3.55030e-03
1.4530000e-05,2.70860e-03
1.4580000e-05,3.69530e-04
1.4630000e-05,-2.74120e-03
1.4680000e-05,-3.46940e-03
1.4730000e-05,-6.00440e-03
1.4780000e-05,-7.46670e-03
1.4830000e-05,-8.94330e-03
1.4880000e-05,-1.12210e-02
1.4930000e-05,-1.38630e-02
1.4980000e-05,-1.57600e-02
1.5030000e-05,-1.72110e-02
1.5080000e-05,-1.79450e-02
1.5130000e-05,-1.80810e-02
1.5180000e-05,-1.98700e-02
1.5230000e-05,-1.96350e-02
1.5280000e-05,-2.07880e-02
1.5330000e-05,-2.09600e-02
1.5380000e-05,-2.08290e-02
1.5430000e-05,-1.98770e-02
1.5480000e-05,-2.02810e-02
1.5530000e-05,-2.02420e-02
1.5580000e-05,-1.88190e-02
1.5630000e-05,-1.98780e-02
1.5680000e-05,-1.70790e-02
1.5730000e-05,-1.55490e-02
1.5780000e-05,-1.53030e-02
1.5830000e-05,-1.36280e-02
1.5880000e-05,-1.18340e-02
1.5930000e-05,-1.04410e-02
1.5980000e-05,-9.54010e-03
1.6030000e-05,-5.48560e-03
1.6080000e-05,-5.12780e-03
1.6130000e-05,7.66740e-05
1.6180000e-05,1.18840e-03
1.6230000e-05,1.63340e-03
1.6280000e-05,6.10700e-03
1.6330000e-05,6.47730e-03
1.6380000e-05,6.85900e-03
1.6430000e-05,1.06070e-02
1.6480000e-05,1.14600e-02
1.6530000e-05,1.23380e-02
1.6580000e-05,1.53410e-02
1.6630000e-05,1.61200e-02
1.6680000e-05,1.64780e-02
1.6730000e-05,1.87800e-02
1.6780000e-05,1.69780e-02
1.6830000e-05,1.54820e-02
1.6880000e-05,1.79540e-02
1.6930000e-05,1.57970e-02
1.6980000e-05,1.65950e-02
1.7030000e-05,1.74260e-02
1.7080000e-05,1.59690e-02
1.7130000e-05,1.57420e-02
1.7180000e-05,1.66860e-02
1.7230000e-05,1.68480e-02
1.7280000e-05,1.75100e-02
1.7330000e-05,1.61030e-02
1.7380000e-05,1.41750e-02
1.7430000e-05,1.58260e-02
1.7480000e-05,1.52820e-02
1.7530000e-05,1.37380e-02
1.7580000e-05,1.39520e-02
1.7630000e-05,1.34920e-02
1.7680000e-05,1.24700e-02
1.7730000e-05,1.23500e-02
1.7780000e-05,1.18960e-02
1.7830000e-05,8.88990e-03
1.7880000e-05,9.21970e-03
1.7930000e-05,7.34450e-03
1.7980000e-05,6.24840e-03
1.8030000e-05,7.14550e-03
1.8080000e-05,3.48060e-03
1.8130000e-05,2.69180e-03
1.8180000e-05,1.54430e-03
1.8230000e-05,8.50520e-04
1.8280000e-05,-4.94380e-04
1.8330000e-05,-2.06640e-03
1.8380000e-05,-3.56980e-03
1.8430000e-05,-6.72540e-03
1.8480000e-05,-6.02300e-03
1.8530000e-05,-9.23740e-03
1.8580000e-05,-1.10010e-02
1.8630000e-05,-1.35510e-02
1.8680000e-05,-1.37670e-02
1.8730000e-05,-1.43970e-02
1.8780000e-05,-1.65090e-02
1.8830000e-05,-1.88870e-02
1.8880000e-05,-1.99190e-02
1.8930000e-05,-2.24220e-02
1.8980000e-05,-2.15770e-02
1.9030000e-05,-2.32080e-02
1.9080000e-05,-2.59460e-02
1.9130000e-05,-2.63460e-02
1.9180000e-05,-2.87880e-02
1.9230000e-05,-2.87880e-02
1.9280000e-05,-2.98090e-02
1.9330000e-05,-2.95400e-02
1.9380000e-05,-3.09030e-02
1.9430000e-05,-3.10650e-02
1.9480000e-05,-3.06960e-02
1.9530000e-05,-3.18620e-02
1.9580000e-05,-3.05580e-02
1.9630000e-05,-3.08270e-02
1.9680000e-05,-3.05910e-02
1.9730000e-05,-2.89200e-02
1.9780000e-05,-2.83560e-02
1.9830000e-05,-2.83560e-02
1.9880000e-05,-2.34770e-02
1.9930000e-05,-2.51360e-02
1.9980000e-05,-2.16250e-02
2.0030000e-05,-1.83030e-02
2.0080000e-05,-1.88450e-02
2.0130000e-05,-1.36240e-02
2.0180000e-05,-1.38430e-02
2.0230000e-05,-1.18410e-02
2.0280000e-05,-8.43210e-03
2.0330000e-05,-6.33530e-03
2.0380000e-05,-4.15480e-03
2.0430000e-05,-1.08820e-03
2.0480000e-05,-3.15000e-04
2.0530000e-05,1.83650e-03
2.0580000e-05,4.60210e-03
2.0630000e-05,7.21640e-03
2.0680000e-05,8.95780e-03
2.0730000e-05,1.05640e-02
2.0780000e-05,1.34800e-02
2.0830000e-05,1.34800e-02
2.0880000e-05,1.59100e-02
2.0930000e-05,1.66270e-02
2.0980000e-05,1.53270e-02
2.1030000e-05,1.67370e-02
2.1080000e-05,1.85670e-02
2.1130000e-05,1.66720e-02
2.1180000e-05,1.68660e-02
2.1230000e-05,1.61180e-02
2.1280000e-05,1.52240e-02
2.1330000e-05,1.54560e-02
2.1380000e-05,1.39970e-02
2.1430000e-05,1.19360e-02
2.1480000e-05,1.11080e-02
2.1530000e-05,9.98260e-03
2.1580000e-05,6.41750e-03
2.1630000e-05,6.26260e-03
2.1680000e-05,3.59110e-03
2.1730000e-05,-7.98850e-04
2.1780000e-05,-1.21340e-03
2.1830000e-05,-4.50000e-03
2.1880000e-05,-6.94900e-03
2.1930000e-05,-9.11930e-03
2.1980000e-05,-1.24110e-02
2.2030000e-05,-1.54370e-02
2.2080000e-05,-2.06010e-02
2.2130000e-05,-2.30890e-02
2.2180000e-05,-2.54210e-02
2.2230000e-05,-2.74560e-02
2.2280000e-05,-3.13440e-02
2.2330000e-05,-3.26720e-02
2.2380000e-05,-3.45670e-02
2.2430000e-05,-3.89190e-02
2.2480000e-05,-3.83430e-02
2.2530000e-05,-4.04710e-02
2.2580000e-05,-4.30540e-02
2.2630000e-05,-4.23630e-02
2.2680000e-05,-4.23630e-02
2.2730000e-05,-4.32600e-02
2.2780000e-05,-4.32600e-02
2.2830000e-05,-4.32600e-02
2.2880000e-05,-4.29620e-02
2.2930000e-05,-4.29620e-02
2.2980000e-05,-4.04730e-02
2.3030000e-05,-3.83480e-02
2.3080000e-05,-3.63980e-02
2.3130000e-05,-3.44960e-02
2.3180000e-05,-3.30860e-02
2.3230000e-05,-2.93270e-02
2.3280000e-05,-2.35880e-02
2.3330000e-05,-2.00330e-02
2.3380000e-05,-1.78910e-02
2.3430000e-05,-1.44570e-02
2.3480000e-05,-1.07170e-02
2.3530000e-05,-7.28240e-03
2.3580000e-05,-5.26280e-03
2.3630000e-05,-3.06540e-03
2.3680000e-05,3.58480e-04
2.3730000e-05,3.91030e-03
2.3780000e-05,7.13000e-03
2.3830000e-05,9.62600e-03
2.3880000e-05,1.06660e-02
2.3930000e-05,1.31170e-02
2.3980000e-05,1.39890e-02
2.4030000e-05,1.57090e-02
2.4080000e-05,1.69870e-02
2.4130000e-05,1.76210e-02
2.4180000e-05,1.79710e-02
2.4230000e-05,1.87110e-02
2.4280000e-05,1.87890e-02
2.4330000e-05,1.73400e-02
2.4380000e-05,1.95910e-02
2.4430000e-05,1.67880e-02
2.4480000e-05,1.70450e-02
2.4530000e-05,1.48510e-02
2.4580000e-05,1.48510e-02
2.4630000e-05,1.15290e-02
2.4680000e-05,1.06060e-02
2.4730000e-05,8.34130e-03
2.4780000e-05,6.78190e-03
2.4830000e-05,4.84210e-03
2.4880000e-05,1.60270e-03
2.4930000e-05,-5.63410e-04
2.4980000e-05,-3.26560e-03
2.5030000e-05,-5.25370e-03
2.5080000e-05,-9.50830e-03
2.5130000e-05,-1.04780e-02
2.5180000e-05,-1.39300e-02
2.5230000e-05,-1.72480e-02
2.5280000e-05,-1.86260e-02
2.5330000e-05,-2.18380e-02
2.5380000e-05,-2.43710e-02
2.5430000e-05,-2.59580e-02
2.5480000e-05,-2.88710e-02
2.5530000e-05,-3.05430e-02
2.5580000e-05,-3.11260e-02
2.5630000e-05,-3.44450e-02
2.5680000e-05,-3.45050e-02
2.5730000e-05,-3.74890e-02
2.5780000e-05,-3.54970e-02
2.5830000e-05,-3.55130e-02
2.5880000e-05,-3.57070e-02
2.5930000e-05,-3.34800e-02
2.5980000e-05,-3.40830e-02
2.6030000e-05,-3.28130e-02
2.6080000e-05,-3.05150e-02
2.6130000e-05,-2.86910e-02
2.6180000e-05,-2.84610e-02
2.6230000e-05,-2.57830e-02
2.6280000e-05,-2.37870e-02
2.6330000e-05,-2.11220e-02
2.6380000e-05,-1.80310e-02
2.6430000e-05,-1.65020e-02
2.6480000e-05,-1.44900e-02
2.6530000e-05,-1.13640e-02
2.6580000e-05,-6.92600e-03
2.6630000e-05,-3.96620e-03
2.6680000e-05,-9.58190e-04
2.6730000e-05,1.83110e-03
2.6780000e-05,4.57480e-03
2.6830000e-05,8.50040e-03
2.6880000e-05,1.45560e-02
2.6930000e-05,1.87530e-02
2.6980000e-05,2.11250e-02
2.7030000e-05,2.46340e-02
2.7080000e-05,2.90210e-02
2.7130000e-05,3.18780e-02
2.7180000e-05,3.39850e-02
2.7230000e-05,3.64690e-02
2.7280000e-05,3.98910e-02
2.7330000e-05,4.25320e-02
2.7380000e-05,4.50390e-02
2.7430000e-05,4.76420e-02
2.7480000e-05,4.76280e-02
2.7530000e-05,4.95160e-02
2.7580000e-05,5.18500e-02
2.7630000e-05,5.24680e-02
2.7680000e-05,5.28590e-02
2.7730000e-05,5.42140e-02
2.7780000e-05,5.29740e-02
2.7830000e-05,5.31950e-02
2.7880000e-05,5.34580e-02
2.7930000e-05,5.13860e-02
2.7980000e-05,4.98900e-02
2.8030000e-05,4.85350e-02
2.8080000e-05,4.66870e-02
2.8130000e-05,4.27760e-02
2.8180000e-05,3.87050e-02
2.8230000e-05,3.64840e-02
2.8280000e-05,3.31440e-02
2.8330000e-05,3.06790e-02
2.8380000e-05,2.75640e-02
2.8430000e-05,2.48100e-02
2.8480000e-05,2.04310e-02
2.8530000e-05,1.73820e-02
2.8580000e-05,1.51680e-02
2.8630000e-05,1.14200e-02
2.8680000e-05,8.10880e-03
2.8730000e-05,5.60650e-03
2.8780000e-05,1.11600e-03
2.8830000e-05,1.28890e-04
2.8880000e-05,-1.49360e-03
2.8930000e-05,-4.22080e-03
2.8980000e-05,-5.81700e-03
2.9030000e-05,-7.03650e-03
2.9080000e-05,-8.67960e-03
2.9130000e-05,-9.59780e-03
2.9180000e-05,-8.78750e-03
2.9230000e-05,-1.13480e-02
2.9280000e-05,-1.06530e-02
2.9330000e-05,-1.08000e-02
2.9380000e-05,-1.08000e-02
2.9430000e-05,-8.10810e-03
2.9480000e-05,-8.48410e-03
2.9530000e-05,-8.48410e-03
2.9580000e-05,-6.14720e-03
2.9630000e-05,-4.79860e-03
2.9680000e-05,-1.62140e-03
2.9730000e-05,-1.75730e-04
2.9780000e-05,6.30700e-04
2.9830000e-05,3.80030e-03
2.9880000e-05,5.52760e-03
2.9930000e-05,7.73740e-03
2.9980000e-05,9.07830e-03
3.0030000e-05,1.14420e-02
3.0080000e-05,1.24100e-02
3.0130000e-05,1.55660e-02
3.0180000e-05,1.60650e-02
3.0230000e-05,1.94030e-02
3.0280000e-05,2.10000e-02
3.0330000e-05,2.13730e-02
3.0380000e-05,2.36590e-02
3.0430000e-05,2.51390e-02
3.0480000e-05,2.71680e-02
3.0530000e-05,2.94090e-02
3.0580000e-05,2.96240e-02
3.0630000e-05,3.18190e-02
3.0680000e-05,3.28460e-02
3.0730000e-05,3.36940e-02
3.0780000e-05,3.36750e-02
3.0830000e-05,3.36750e-02
3.0880000e-05,3.60100e-02
3.0930000e-05,3.64990e-02
3.0980000e-05,3.64990e-02
3.1030000e-05,3.75470e-02
3.1080000e-05,3.75470e-02
3.1130000e-05,3.74780e-02
3.1180000e-05,3.72230e-02
3.1230000e-05,3.75430e-02
3.1280000e-05,3.69010e-02
3.1330000e-05,3.68330e-02
3.1380000e-05,3.61740e-02
3.1430000e-05,3.54970e-02
3.1480000e-05,3.52470e-02
3.1530000e-05,3.41970e-02
3.1580000e-05,3.25450e-02
3.1630000e-05,3.10670e-02
3.1680000e-05,2.87880e-02
3.1730000e-05,2.63670e-02
3.1780000e-05,2.40750e-02
3.1830000e-05,2.09980e-02
3.1880000e-05,1.77980e-02
3.1930000e-05,1.57540e-02
3.1980000e-05,1.40590e-02
3.2030000e-05,1.04360e-02
3.2080000e-05,7.75820e-03
3.2130000e-05,5.41210e-03
3.2180000e-05,1.23570e-03
3.2230000e-05,-9.68080e-04
3.2280000e-05,-4.82680e-03
3.2330000e-05,-8.10530e-03
3.2380000e-05,-1.03470e-02
3.2430000e-05,-1.39840e-02
3.2480000e-05,-1.49480e-02
3.2530000e-05,-1.64360e-02
3.2580000e-05,-1.98360e-02
3.2630000e-05,-2.09930e-02
3.2680000e-05,-2.24610e-02
3.2730000e-05,-2.29550e-02
3.2780000e-05,-2.47040e-02
3.2830000e-05,-2.38060e-02
3.2880000e-05,-2.56080e-02
3.2930000e-05,-2.42500e-02
3.2980000e-05,-2.45890e-02
3.3030000e-05,-2.25210e-02
3.3080000e-05,-2.10420e-02
3.3130000e-05,-2.02270e-02
3.3180000e-05,-1.79220e-02
3.3230000e-05,-1.51740e-02
3.3280000e-05,-1.30120e-02
3.3330000e-05,-9.82410e-03
3.3380000e-05,-7.74460e-03
3.3430000e-05,-6.36470e-03
3.3480000e-05,-2.86080e-03
3.3530000e-05,-4.73790e-04
3.3580000e-05,3.17490e-03
3.3630000e-05,6.61880e-03
3.3680000e-05,8.01850e-03
3.3730000e-05,1.11950e-02
3.3780000e-05,1.44880e-02
3.3830000e-05,1.75520e-02
3.3880000e-05,2.05550e-02
3.3930000e-05,2.27420e-02
3.3980000e-05,2.53860e-02
3.4030000e-05,2.73780e-02
3.4080000e-05,2.95160e-02
3.4130000e-05,3.39170e-02
3.4180000e-05,3.41110e-02
3.4230000e-05,3.60460e-02
3.4280000e-05,3.76710e-02
3.4330000e-05,3.72760e-02
3.4380000e-05,3.83640e-02
3.4430000e-05,3.87730e-02
3.4480000e-05,3.81030e-02
3.4530000e-05,3.95400e-02
3.4580000e-05,3.93660e-02
3.4630000e-05,3.91980e-02
3.4680000e-05,3.84680e-02
3.4730000e-05,3.74960e-02
3.4780000e-05,3.58560e-02
3.4830000e-05,3.49360e-02
3.4880000e-05,3.47070e-02
3.4930000e-05,3.19480e-02
3.4980000e-05,3.02720e-02
3.5030000e-05,2.90370e-02
3.5080000e-05,2.59960e-02
3.5130000e-05,2.47570e-02
3.5180000e-05,2.34150e-02
3.5230000e-05,2.08640e-02
3.5280000e-05,1.85350e-02
3.5330000e-05,1.38510e-02
3.5380000e-05,1.21920e-02
3.5430000e-05,9.87410e-03
3.5480000e-05,7.27460e-03
3.5530000e-05,5.37350e-03
3.5580000e-05,3.23060e-03
3.5630000e-05,1.72390e-03
3.5680000e-05,4.54610e-04
3.5730000e-05,-1.37170e-03
3.5780000e-05,-3.02660e-03
3.5830000e-05,-3.68680e-03
3.5880000e-05,-5.12870e-03
3.5930000e-05,-5.97670e-03
3.5980000e-05,-5.12300e-03
3.6030000e-05,-6.64760e-03
3.6080000e-05,-6.16290e-03
3.6130000e-05,-6.54720e-03
3.6180000e-05,-5.33220e-03
3.6230000e-05,-5.33220e-03
3.6280000e-05,-5.27870e-03
3.6330000e-05,-3.29260e-03
3.6380000e-05,-3.29260e-03
3.6430000e-05,-2.62370e-03
3.6480000e-05,-6.65860e-04
3.6530000e-05,2.93340e-03
3.6580000e-05,4.07170e-03
3.6630000e-05,6.02320e-03
3.6680000e-05,7.85680e-03
3.6730000e-05,1.13430e-02
3.6780000e-05,1.26180e-02
3.6830000e-05,1.43670e-02
3.6880000e-05,1.71210e-02
3.6930000e-05,1.76060e-02
3.6980000e-05,2.13490e-02
3.7030000e-05,2.28500e-02
3.7080000e-05,2.22490e-02
3.7130000e-05,2.60110e-02
3.7180000e-05,2.65470e-02
3.7230000e-05,2.89880e-02
3.7280000e-05,3.08690e-02
3.7330000e-05,3.12090e-02
3.7380000e-05,3.30890e-02
3.7430000e-05,3.30890e-02
3.7480000e-05,3.39160e-02
3.7530000e-05,3.38590e-02
3.7580000e-05,3.38590e-02
3.7630000e-05,3.27400e-02
3.7680000e-05,3.31430e-02
3.7730000e-05,3.09440e-02
3.7780000e-05,2.90260e-02
3.7830000e-05,2.78290e-02
3.7880000e-05,2.56370e-02
3.7930000e-05,2.41780e-02
3.7980000e-05,2.19270e-02
3.8030000e-05,2.03660e-02
3.8080000e-05,1.68550e-02
3.8130000e-05,1.52170e-02
3.8180000e-05,1.20950e-02
3.8230000e-05,9.10940e-03
3.8280000e-05,5.54590e-03
3.8330000e-05,3.31240e-03
3.8380000e-05,1.84510e-03
3.8430000e-05,-1.78130e-03
3.8480000e-05,-3.23570e-03
3.8530000e-05,-5.45630e-03
3.8580000e-05,-8.99360e-03
3.8630000e-05,-9.83590e-03
3.8680000e-05,-1.18260e-02
3.8730000e-05,-1.42480e-02
3.8780000e-05,-1.53870e-02
3.8830000e-05,-1.69920e-02
3.8880000e-05,-1.91820e-02
3.8930000e-05,-1.96180e-02
3.8980000e-05,-2.09710e-02
3.9030000e-05,-1.99310e-02
3.9080000e-05,-2.15390e-02
3.9130000e-05,-2.05580e-02
3.9180000e-05,-2.02780e-02
3.9230000e-05,-1.91350e-02
3.9280000e-05,-1.91350e-02
3.9330000e-05,-1.86220e-02
3.9380000e-05,-1.73320e-02
3.9430000e-05,-1.76240e-02
3.9480000e-05,-1.47580e-02
3.9530000e-05,-1.26950e-02
3.9580000e-05,-1.40550e-02
3.9630000e-05,-1.07230e-02
3.9680000e-05,-7.95670e-03
3.9730000e-05,-6.20340e-03
3.9780000e-05,-3.16860e-03
3.9830000e-05,-1.13380e-03
3.9880000e-05,1.41780e-03
3.9930000e-05,4.63630e-03
3.9980000e-05,7.69230e-03
4.0030000e-05,1.09520e-02
4.0080000e-05,1.46470e-02
4.0130000e-05,2.10380e-02
4.0180000e-05,2.46010e-02
4.0230000e-05,2.92960e-02
4.0280000e-05,3.33130e-02
4.0330000e-05,3.71610e-02
4.0380000e-05,4.07290e-02
4.0430000e-05,4.38610e-02
4.0480000e-05,4.77170e-02
4.0530000e-05,5.12440e-02
4.0580000e-05,5.50660e-02
4.0630000e-05,5.87050e-02
4.0680000e-05,6.05880e-02
4.0730000e-05,6.27330e-02
4.0780000e-05,6.54770e-02
4.0830000e-05,6.72100e-02
4.0880000e-05,6.81540e-02
4.0930000e-05,6.94460e-02
4.0980000e-05,6.90990e-02
4.1030000e-05,6.91150e-02
4.1080000e-05,6.99060e-02
4.1130000e-05,6.83700e-02
4.1180000e-05,6.75000e-02
4.1230000e-05,6.53950e-02
4.1280000e-05,6.34260e-02
4.1330000e-05,5.83470e-02
4.1380000e-05,5.50070e-02
4.1430000e-05,5.07740e-02
4.1480000e-05,4.71530e-02
4.1530000e-05,4.38100e-02
4.1580000e-05,3.72820e-02
4.1630000e-05,3.42190e-02
4.1680000e-05,2.77890e-02
4.1730000e-05,2.31890e-02
4.1780000e-05,1.94870e-02
4.1830000e-05,1.18760e-02
4.1880000e-05,7.90920e-03
4.1930000e-05,1.19600e-03
4.1980000e-05,-5.91260e-03
4.2030000e-05,-1.04990e-02
4.2080000e-05,-1.67360e-02
4.2130000e-05,-2.34380e-02
4.2180000e-05,-2.94270e-02
4.2230000e-05,-3.50260e-02
4.2280000e-05,-4.07990e-02
4.2330000e-05,-4.58160e-02
4.2380000e-05,-5.06370e-02
4.2430000e-05,-5.56250e-02
4.2480000e-05,-6.07720e-02
4.2530000e-05,-6.86940e-02
4.2580000e-05,-7.23860e-02
4.2630000e-05,-7.46590e-02
4.2680000e-05,-7.84380e-02
4.2730000e-05,-7.94710e-02
4.2780000e-05,-8.06230e-02
4.2830000e-05,-8.20880e-02
4.2880000e-05,-8.11640e-02
4.2930000e-05,-8.10250e-02
4.2980000e-05,-7.85830e-02
4.3030000e-05,-7.57120e-02
4.3080000e-05,-7.38760e-02
4.3130000e-05,-7.03870e-02
4.3180000e-05,-6.58610e-02
4.3230000e-05,-6.13280e-02
4.3280000e-05,-5.74660e-02
4.3330000e-05,-5.06240e-02
4.3380000e-05,-4.44660e-02
4.3430000e-05,-3.81480e-02
4.3480000e-05,-3.11800e-02
4.3530000e-05,-2.39470e-02
4.3580000e-05,-1.79440e-02
4.3630000e-05,-9.38530e-03
4.3680000e-05,-1.66720e-03
4.3730000e-05,1.32920e-02
4.3780000e-05,1.89770e-02
4.3830000e-05,2.49050e-02
4.3880000e-05,3.23930e-02
4.3930000e-05,3.71200e-02
4.3980000e-05,4.11510e-02
4.4030000e-05,4.68480e-02
4.4080000e-05,4.98770e-02
4.4130000e-05,5.40240e-02
4.4180000e-05,5.77990e-02
4.4230000e-05,5.96710e-02
4.4280000e-05,5.96710e-02
4.4330000e-05,6.15000e-02
4.4380000e-05,6.05230e-02
4.4430000e-05,6.05230e-02
4.4480000e-05,5.92780e-02
4.4530000e-05,5.63230e-02
4.4580000e-05,5.25850e-02
4.4630000e-05,4.92260e-02
4.4680000e-05,4.46090e-02
4.4730000e-05,4.01510e-02
4.4780000e-05,3.49710e-02
4.4830000e-05,2.77750e-02
4.4880000e-05,2.11550e-02
4.4930000e-05,6.39730e-03
4.4980000e-05,-1.16710e-03
4.5030000e-05,-1.01260e-02
4.5080000e-05,-1.89360e-02
4.5130000e-05,-2.78300e-02
4.5180000e-05,-3.49160e-02
4.5230000e-05,-4.37810e-02
4.5280000e-05,-5.30280e-02
4.5330000e-05,-6.09950e-02
4.5380000e-05,-7.01530e-02
4.5430000e-05,-7.64720e-02
4.5480000e-05,-8.41010e-02
4.5530000e-05,-9.15320e-02
4.5580000e-05,-9.71930e-02
4.5630000e-05,-1.03530e-01
4.5680000e-05,-1.08320e-01
4.5730000e-05,-1.12310e-01
4.5780000e-05,-1.16750e-01
4.5830000e-05,-1.19290e-01
4.5880000e-05,-1.21340e-01
4.5930000e-05,-1.23990e-01
4.5980000e-05,-1.24040e-01
4.6030000e-05,-1.22520e-01
4.6080000e-05,-1.21650e-01
4.6130000e-05,-1.17110e-01
4.6180000e-05,-1.13270e-01
4.6230000e-05,-1.07190e-01
4.6280000e-05,-1.00570e-01
4.6330000e-05,-9.55860e-02
4.6380000e-05,-8.84050e-02
4.6430000e-05,-8.09010e-02
4.6480000e-05,-7.27830e-02
4.6530000e-05,-6.27600e-02
4.6580000e-05,-5.45150e-02
4.6630000e-05,-4.49320e-02
4.6680000e-05,-3.52670e-02
4.6730000e-05,-2.42510e-02
4.6780000e-05,-1.36380e-02
4.6830000e-05,-2.69090e-03
4.6880000e-05,7.48050e-03
4.6930000e-05,1.79720e-02
4.6980000e-05,2.77640e-02
4.7030000e-05,3.92930e-02
4.7080000e-05,4.85200e-02
4.7130000e-05,5.74460e-02
4.7180000e-05,6.60770e-02
4.7230000e-05,7.37910e-02
4.7280000e-05,8.13490e-02
4.7330000e-05,9.37900e-02
4.7380000e-05,9.75560e-02
4.7430000e-05,1.02410e-01
4.7480000e-05,1.05170e-01
4.7530000e-05,1.09010e-01
4.7580000e-05,1.09460e-01
4.7630000e-05,1.08720e-01
4.7680000e-05,1.07850e-01
4.7730000e-05,1.07850e-01
4.7780000e-05,1.03930e-01
4.7830000e-05,1.00130e-01
4.7880000e-05,9.45950e-02
4.7930000e-05,8.82750e-02
4.7980000e-05,8.21200e-02
4.8030000e-05,7.57550e-02
4.8080000e-05,6.90630e-02
4.8130000e-05,6.01140e-02
4.8180000e-05,5.02440e-02
4.8230000e-05,4.13960e-02
4.8280000e-05,3.25990e-02
4.8330000e-05,2.40030e-02
4.8380000e-05,1.31980e-02
4.8430000e-05,2.60530e-03
4.8480000e-05,-7.00710e-03
4.8530000e-05,-2.33230e-02
4.8580000e-05,-3.42790e-02
4.8630000e-05,-4.19050e-02
4.8680000e-05,-5.15690e-02
4.8730000e-05,-5.70280e-02
4.8780000e-05,-6.33580e-02
4.8830000e-05,-7.06640e-02
4.8880000e-05,-7.52420e-02
4.8930000e-05,-8.08330e-02
4.8980000e-05,-8.45660e-02
4.9030000e-05,-8.67220e-02
4.9080000e-05,-8.94440e-02
4.9130000e-05,-9.12160e-02
4.9180000e-05,-9.26620e-02
4.9230000e-05,-9.26620e-02
4.9280000e-05,-9.06040e-02
4.9330000e-05,-8.85250e-02
4.9380000e-05,-8.56190e-02
4.9430000e-05,-8.17730e-02
4.9480000e-05,-7.87470e-02
4.9530000e-05,-7.38720e-02
4.9580000e-05,-6.83180e-02
4.9630000e-05,-6.30340e-02
4.9680000e-05,-5.60620e-02
4.9730000e-05,-4.24750e-02
4.9780000e-05,-3.36440e-02
4.9830000e-05,-2.73020e-02
4.9880000e-05,-1.88020e-02
4.9930000e-05,-9.26920e-03
4.9980000e-05,-3.06170e-03
5.0030000e-05,6.55070e-03
5.0080000e-05,1.43290e-02
5.0130000e-05,2.43850e-02
5.0180000e-05,3.11050e-02
5.0230000e-05,3.98090e-02
5.0280000e-05,4.82690e-02
5.0330000e-05,5.42920e-02
5.0380000e-05,6.30980e-02
5.0430000e-05,6.93180e-02
5.0480000e-05,7.57130e-02
5.0530000e-05,8.05580e-02
5.0580000e-05,8.63080e-02
5.0630000e-05,9.12650e-02
5.0680000e-05,9.49680e-02
5.0730000e-05,9.87690e-02
5.0780000e-05,9.97780e-02
5.0830000e-05,1.01680e-01
5.0880000e-05,1.04570e-01
5.0930000e-05,1.03520e-01
5.0980000e-05,1.03070e-01
5.1030000e-05,9.85420e-02
5.1080000e-05,9.80170e-02
5.1130000e-05,9.52350e-02
5.1180000e-05,8.86360e-02
5.1230000e-05,8.40760e-02
5.1280000e-05,7.90730e-02
5.1330000e-05,7.32120e-02
5.1380000e-05,6.61160e-02
5.1430000e-05,5.90120e-02
5.1480000e-05,4.92200e-02
5.1530000e-05,4.17410e-02
5.1580000e-05,3.38390e-02
5.1630000e-05,2.52210e-02
5.1680000e-05,1.63840e-02
5.1730000e-05,7.33840e-03
5.1780000e-05,-1.47260e-03
5.1830000e-05,-1.01150e-02
5.1880000e-05,-1.68490e-02
5.1930000e-05,-2.62420e-02
5.1980000e-05,-3.49540e-02
5.2030000e-05,-4.15710e-02
5.2080000e-05,-4.98470e-02
5.2130000e-05,-6.19510e-02
5.2180000e-05,-6.89470e-02
5.2230000e-05,-7.41030e-02
5.2280000e-05,-7.88190e-02
5.2330000e-05,-8.20150e-02
5.2380000e-05,-8.46640e-02
5.2430000e-05,-8.69220e-02
5.2480000e-05,-9.00010e-02
5.2530000e-05,-8.91550e-02
5.2580000e-05,-8.88040e-02
5.2630000e-05,-8.73180e-02
5.2680000e-05,-8.53160e-02
5.2730000e-05,-8.33330e-02
5.2780000e-05,-7.96560e-02
5.2830000e-05,-7.47160e-02
5.2880000e-05,-6.92370e-02
5.2930000e-05,-6.35430e-02
5.2980000e-05,-5.87800e-02
5.3030000e-05,-5.17560e-02
5.3080000e-05,-4.46820e-02
5.3130000e-05,-3.57520e-02
5.3180000e-05,-2.77140e-02
5.3230000e-05,-2.04890e-02
5.3280000e-05,-1.20280e-02
5.3330000e-05,7.60990e-03
5.3380000e-05,1.63430e-02
5.3430000e-05,2.70720e-02
5.3480000e-05,3.50510e-02
5.3530000e-05,4.51760e-02
5.3580000e-05,5.43860e-02
5.3630000e-05,6.35060e-02
5.3680000e-05,7.15640e-02
5.3730000e-05,8.10660e-02
5.3780000e-05,8.95860e-02
5.3830000e-05,9.73330e-02
5.3880000e-05,1.05780e-01
5.3930000e-05,1.10370e-01
5.3980000e-05,1.17490e-01
5.4030000e-05,1.24040e-01
5.4080000e-05,1.28720e-01
5.4130000e-05,1.33990e-01
5.4180000e-05,1.36480e-01
5.4230000e-05,1.39460e-01
5.4280000e-05,1.41780e-01
5.4330000e-05,1.43050e-01
5.4380000e-05,1.43200e-01
5.4430000e-05,1.42160e-01
5.4480000e-05,1.40130e-01
5.4530000e-05,1.35430e-01
5.4580000e-05,1.30880e-01
5.4630000e-05,1.26270e-01
5.4680000e-05,1.19240e-01
5.4730000e-05,1.13270e-01
5.4780000e-05,1.06510e-01
5.4830000e-05,9.84060e-02
5.4880000e-05,8.96820e-02
5.4930000e-05,8.05970e-02
5.4980000e-05,6.95220e-02
5.5030000e-05,5.93690e-02
5.5080000e-05,4.87290e-02
5.5130000e-05,3.70950e-02
5.5180000e-05,2.55760e-02
5.5230000e-05,1.47400e-02
5.5280000e-05,2.45700e-03
5.5330000e-05,-8.70560e-03
5.5380000e-05,-2.01490e-02
5.5430000e-05,-3.25130e-02
5.5480000e-05,-4.30640e-02
5.5530000e-05,-5.35820e-02
5.5580000e-05,-6.44000e-02
5.5630000e-05,-7.34040e-02
5.5680000e-05,-8.37570e-02
5.5730000e-05,-9.91870e-02
5.5780000e-05,-1.06210e-01
5.5830000e-05,-1.11870e-01
5.5880000e-05,-1.18010e-01
5.5930000e-05,-1.21350e-01
5.5980000e-05,-1.25560e-01
5.6030000e-05,-1.27650e-01
5.6080000e-05,-1.28800e-01
5.6130000e-05,-1.28800e-01
5.6180000e-05,-1.28430e-01
5.6230000e-05,-1.26450e-01
5.6280000e-05,-1.23890e-01
5.6330000e-05,-1.19910e-01
5.6380000e-05,-1.15730e-01
5.6430000e-05,-1.10570e-01
5.6480000e-05,-1.04190e-01
5.6530000e-05,-9.84890e-02
5.6580000e-05,-9.09120e-02
5.6630000e-05,-8.22350e-02
5.6680000e-05,-7.42190e-02
5.6730000e-05,-6.49760e-02
5.6780000e-05,-5.66030e-02
5.6830000e-05,-4.62490e-02
5.6880000e-05,-3.57460e-02
5.6930000e-05,-1.60340e-02
5.6980000e-05,-6.69190e-03
5.7030000e-05,2.29200e-03
5.7080000e-05,1.38440e-02
5.7130000e-05,2.39260e-02
5.7180000e-05,3.07790e-02
5.7230000e-05,4.09220e-02
5.7280000e-05,4.80170e-02
5.7330000e-05,5.59720e-02
5.7380000e-05,6.44850e-02
5.7430000e-05,7.02490e-02
5.7480000e-05,7.47860e-02
5.7530000e-05,7.92680e-02
5.7580000e-05,8.28770e-02
5.7630000e-05,8.65410e-02
5.7680000e-05,8.91850e-02
5.7730000e-05,9.07860e-02
5.7780000e-05,8.95930e-02
5.7830000e-05,8.94780e-02
5.7880000e-05,8.89640e-02
5.7930000e-05,8.57680e-02
5.7980000e-05,8.50200e-02
5.8030000e-05,7.87320e-02
5.8080000e-05,7.44900e-02
5.8130000e-05,6.21800e-02
5.8180000e-05,5.60400e-02
5.8230000e-05,4.86170e-02
5.8280000e-05,3.82540e-02
5.8330000e-05,3.06520e-02
5.8380000e-05,2.25570e-02
5.8430000e-05,1.13560e-02
5.8480000e-05,2.06470e-03
5.8530000e-05,-5.89090e-03
5.8580000e-05,-1.96350e-02
5.8630000e-05,-2.62710e-02
5.8680000e-05,-3.75710e-02
5.8730000e-05,-4.80830e-02
5.8780000e-05,-5.53220e-02
5.8830000e-05,-6.46800e-02
5.8880000e-05,-7.32660e-02
5.8930000e-05,-7.98250e-02
5.8980000e-05,-8.60380e-02
5.9030000e-05,-9.39810e-02
5.9080000e-05,-9.79250e-02
5.9130000e-05,-1.03760e-01
5.9180000e-05,-1.07080e-01
5.9230000e-05,-1.09010e-01
5.9280000e-05,-1.11650e-01
5.9330000e-05,-1.13290e-01
5.9380000e-05,-1.11990e-01
5.9430000e-05,-1.10660e-01
5.9480000e-05,-1.07640e-01
5.9530000e-05,-1.04860e-01
5.9580000e-05,-1.01290e-01
5.9630000e-05,-9.52930e-02
5.9680000e-05,-9.09000e-02
5.9730000e-05,-8.43340e-02
5.9780000e-05,-7.98540e-02
5.9830000e-05,-7.26050e-02
5.9880000e-05,-6.52920e-02
5.9930000e-05,-5.93520e-02
5.9980000e-05,-5.00030e-02
6.0030000e-05,-4.27220e-02
6.0080000e-05,-3.36980e-02
6.0130000e-05,-2.55600e-02
6.0180000e-05,-1.86510e-02
6.0230000e-05,-1.00560e-02
6.0280000e-05,-1.68350e-03
6.0330000e-05,5.62900e-03
6.0380000e-05,1.29310e-02
6.0430000e-05,2.00880e-02
6.0480000e-05,2.65800e-02
6.0530000e-05,3.94760e-02
6.0580000e-05,4.44910e-02
6.0630000e-05,5.03910e-02
6.0680000e-05,5.52500e-02
6.0730000e-05,5.88370e-02
6.0780000e-05,6.20680e-02
6.0830000e-05,6.56070e-02
6.0880000e-05,6.78640e-02
6.0930000e-05,6.87220e-02
6.0980000e-05,7.08560e-02
6.1030000e-05,7.19950e-02
6.1080000e-05,7.19950e-02
6.1130000e-05,7.22130e-02
6.1180000e-05,6.94390e-02
6.1230000e-05,6.96700e-02
6.1280000e-05,6.54190e-02
6.1330000e-05,6.54190e-02
6.1380000e-05,6.34710e-02
6.1430000e-05,5.84690e-02
6.1480000e-05,5.35030e-02
6.1530000e-05,5.08890e-02
6.1580000e-05,4.74200e-02
6.1630000e-05,4.04350e-02
6.1680000e-05,3.63640e-02
6.1730000e-05,2.33040e-02
6.1780000e-05,2.01980e-02
6.1830000e-05,1.36130e-02
6.1880000e-05,5.80270e-03
6.1930000e-05,4.40230e-04
6.1980000e-05,-6.41250e-03
6.2030000e-05,-1.31400e-02
6.2080000e-05,-1.87970e-02
6.2130000e-05,-2.50990e-02
6.2180000e-05,-3.31170e-02
6.2230000e-05,-3.83180e-02
6.2280000e-05,-4.51540e-02
6.2330000e-05,-5.17090e-02
6.2380000e-05,-5.56190e-02
6.2430000e-05,-6.14000e-02
6.2480000e-05,-6.83790e-02
6.2530000e-05,-7.23210e-02
6.2580000e-05,-7.81200e-02
6.2630000e-05,-8.16970e-02
6.2680000e-05,-8.52770e-02
6.2730000e-05,-8.95380e-02
6.2780000e-05,-9.20950e-02
6.2830000e-05,-9.47320e-02
6.2880000e-05,-9.59360e-02
6.2930000e-05,-9.81520e-02
6.2980000e-05,-9.91610e-02
6.3030000e-05,-9.91560e-02
6.3080000e-05,-9.68990e-02
6.3130000e-05,-9.56830e-02
6.3180000e-05,-9.45250e-02
6.3230000e-05,-9.18370e-02
6.3280000e-05,-9.08930e-02
6.3330000e-05,-8.42490e-02
6.3380000e-05,-8.07460e-02
6.3430000e-05,-7.57510e-02
6.3480000e-05,-7.15370e-02
6.3530000e-05,-6.75800e-02
6.3580000e-05,-6.03630e-02
6.3630000e-05,-5.40740e-02
6.3680000e-05,-4.67570e-02
6.3730000e-05,-4.11540e-02
6.3780000e-05,-3.51220e-02
6.3830000e-05,-2.75960e-02
6.3880000e-05,-1.85200e-02
6.3930000e-05,-1.25360e-02
6.3980000e-05,-5.53530e-03
6.4030000e-05,2.27260e-03
6.4080000e-05,7.87730e-03
6.4130000e-05,2.41440e-02
6.4180000e-05,2.98530e-02
6.4230000e-05,3.65230e-02
6.4280000e-05,4.25610e-02
6.4330000e-05,4.95070e-02
6.4380000e-05,5.57620e-02
6.4430000e-05,6.11170e-02
6.4480000e-05,6.56080e-02
6.4530000e-05,6.96730e-02
6.4580000e-05,7.27450e-02
6.4630000e-05,7.79020e-02
6.4680000e-05,8.08300e-02
6.4730000e-05,8.20090e-02
6.4780000e-05,8.36570e-02
6.4830000e-05,8.44800e-02
6.4880000e-05,8.56770e-02
6.4930000e-05,8.56770e-02
6.4980000e-05,8.38830e-02
6.5030000e-05,8.15830e-02
6.5080000e-05,7.80120e-02
6.5130000e-05,7.48380e-02
6.5180000e-05,7.14380e-02
6.5230000e-05,6.78770e-02
6.5280000e-05,6.24110e-02
6.5330000e-05,5.02420e-02
6.5380000e-05,4.30630e-02
6.5430000e-05,3.68190e-02
6.5480000e-05,2.96340e-02
6.5530000e-05,2.08970e-02
6.5580000e-05,1.17270e-02
6.5630000e-05,3.71700e-03
6.5680000e-05,-5.13390e-03
6.5730000e-05,-1.32320e-02
6.5780000e-05,-2.11730e-02
6.5830000e-05,-2.95900e-02
6.5880000e-05,-3.91260e-02
6.5930000e-05,-4.60290e-02
6.5980000e-05,-5.41410e-02
6.6030000e-05,-6.10240e-02
6.6080000e-05,-6.78870e-02
6.6130000e-05,-7.39730e-02
6.6180000e-05,-7.91630e-02
6.6230000e-05,-8.28470e-02
6.6280000e-05,-8.68080e-02
6.6330000e-05,-9.08860e-02
6.6380000e-05,-9.27020e-02
6.6430000e-05,-9.38960e-02
6.6480000e-05,-9.42500e-02
6.6530000e-05,-9.17260e-02
6.6580000e-05,-9.01010e-02
6.6630000e-05,-8.72800e-02
6.6680000e-05,-8.28660e-02
6.6730000e-05,-7.79940e-02
6.6780000e-05,-7.29920e-02
6.6830000e-05,-6.75010e-02
6.6880000e-05,-6.05620e-02
6.6930000e-05,-5.16190e-02
6.6980000e-05,-4.37520e-02
6.7030000e-05,-3.64650e-02
6.7080000e-05,-2.83960e-02
6.7130000e-05,-1.95400e-02
6.7180000e-05,-1.02510e-02
6.7230000e-05,9.45740e-05
6.7280000e-05,9.27770e-03
6.7330000e-05,1.87350e-02
6.7380000e-05,2.77180e-02
6.7430000e-05,3.73610e-02
6.7480000e-05,4.70700e-02
6.7530000e-05,5.54920e-02
6.7580000e-05,6.56520e-02
6.7630000e-05,7.29430e-02
6.7680000e-05,8.11480e-02
6.7730000e-05,9.59460e-02
6.7780000e-05,1.02750e-01
6.7830000e-05,1.07650e-01
6.7880000e-05,1.12160e-01
6.7930000e-05,1.15140e-01
6.7980000e-05,1.18800e-01
6.8030000e-05,1.21930e-01
6.8080000e-05,1.23360e-01
6.8130000e-05,1.23920e-01
6.8180000e-05,1.22800e-01
6.8230000e-05,1.21780e-01
6.8280000e-05,1.20610e-01
6.8330000e-05,1.17470e-01
6.8380000e-05,1.13750e-01
6.8430000e-05,1.09530e-01
6.8480000e-05,1.04100e-01
6.8530000e-05,9.88160e-02
6.8580000e-05,9.22780e-02
6.8630000e-05,8.47310e-02
6.8680000e-05,7.69790e-02
6.8730000e-05,6.85340e-02
6.8780000e-05,5.90570e-02
6.8830000e-05,5.12480e-02
6.8880000e-05,4.04730e-02
6.8930000e-05,2.08580e-02
6.8980000e-05,9.06140e-03
6.9030000e-05,-1.69000e-05
6.9080000e-05,-1.01940e-02
6.9130000e-05,-2.14200e-02
6.9180000e-05,-3.14910e-02
6.9230000e-05,-4.15460e-02
6.9280000e-05,-5.16820e-02
6.9330000e-05,-5.87920e-02
6.9380000e-05,-6.80700e-02
6.9430000e-05,-7.69360e-02
6.9480000e-05,-8.45670e-02
6.9530000e-05,-9.16260e-02
6.9580000e-05,-9.71200e-02
6.9630000e-05,-1.02650e-01
6.9680000e-05,-1.06350e-01
6.9730000e-05,-1.12680e-01
6.9780000e-05,-1.14980e-01
6.9830000e-05,-1.16550e-01
6.9880000e-05,-1.19840e-01
6.9930000e-05,-1.19890e-01
6.9980000e-05,-1.20580e-01
7.0030000e-05,-1.19520e-01
7.0080000e-05,-1.15570e-01
7.0130000e-05,-1.12570e-01
7.0180000e-05,-1.09210e-01
7.0230000e-05,-1.04370e-01
7.0280000e-05,-1.00110e-01
7.0330000e-05,-9.37530e-02
7.0380000e-05,-8.75370e-02
7.0430000e-05,-8.12620e-02
7.0480000e-05,-7.49480e-02
7.0530000e-05,-6.76280e-02
7.0580000e-05,-6.02950e-02
7.0630000e-05,-5.14890e-02
7.0680000e-05,-4.30350e-02
7.0730000e-05,-3.45560e-02
7.0780000e-05,-2.72470e-02
7.0830000e-05,-1.74390e-02
7.0880000e-05,-9.11710e-03
7.0930000e-05,-9.47120e-04
7.0980000e-05,7.70970e-03
7.1030000e-05,1.50670e-02
7.1080000e-05,2.25650e-02
7.1130000e-05,3.03490e-02
7.1180000e-05,3.79990e-02
7.1230000e-05,4.51270e-02
7.1280000e-05,5.05290e-02
7.1330000e-05,6.15140e-02
7.1380000e-05,6.65370e-02
7.1430000e-05,7.10890e-02
7.1480000e-05,7.41660e-02
7.1530000e-05,7.71910e-02
7.1580000e-05,7.93240e-02
7.1630000e-05,8.21820e-02
7.1680000e-05,8.24550e-02
7.1730000e-05,8.24550e-02
7.1780000e-05,8.40930e-02
7.1830000e-05,8.40930e-02
7.1880000e-05,8.34960e-02
7.1930000e-05,8.21360e-02
7.1980000e-05,8.00180e-02
7.2030000e-05,7.73990e-02
7.2080000e-05,7.47140e-02
7.2130000e-05,7.11040e-02
7.2180000e-05,6.70060e-02
7.2230000e-05,6.38090e-02
7.2280000e-05,5.82160e-02
7.2330000e-05,5.27760e-02
7.2380000e-05,4.76760e-02
7.2430000e-05,4.16460e-02
7.2480000e-05,3.55250e-02
7.2530000e-05,2.29250e-02
7.2580000e-05,1.48260e-02
7.2630000e-05,9.68550e-03
7.2680000e-05,3.83350e-03
7.2730000e-05,-4.39700e-03
7.2780000e-05,-1.03850e-02
7.2830000e-05,-1.71550e-02
7.2880000e-05,-2.32860e-02
7.2930000e-05,-2.84520e-02
7.2980000e-05,-3.52140e-02
7.3030000e-05,-4.15030e-02
7.3080000e-05,-4.79290e-02
7.3130000e-05,-5.06010e-02
7.3180000e-05,-5.69570e-02
7.3230000e-05,-6.08460e-02
7.3280000e-05,-6.40830e-02
7.3330000e-05,-6.89220e-02
7.3380000e-05,-7.15170e-02
7.3430000e-05,-7.13770e-02
7.3480000e-05,-7.48120e-02
7.3530000e-05,-7.63600e-02
7.3580000e-05,-7.59950e-02
7.3630000e-05,-7.82840e-02
7.3680000e-05,-7.55180e-02
7.3730000e-05,-7.41550e-02
7.3780000e-05,-7.13120e-02
7.3830000e-05,-6.93680e-02
7.3880000e-05,-6.60270e-02
7.3930000e-05,-6.12660e-02
7.3980000e-05,-5.70770e-02
7.4030000e-05,-5.30810e-02
7.4080000e-05,-4.75940e-02
7.4130000e-05,-4.24780e-02
7.4180000e-05,-3.67670e-02
7.4230000e-05,-2.92500e-02
7.4280000e-05,-2.50130e-02
7.4330000e-05,-1.73640e-02
7.4380000e-05,-1.05100e-02
7.4430000e-05,-4.61560e-03
7.4480000e-05,2.45620e-03
7.4530000e-05,9.28870e-03
7.4580000e-05,1.65170e-02
7.4630000e-05,2.08630e-02
7.4680000e-05,2.73910e-02
7.4730000e-05,3.37880e-02
7.4780000e-05,3.85580e-02
7.4830000e-05,4.45520e-02
7.4880000e-05,4.80970e-02
7.4930000e-05,5.68020e-02
7.4980000e-05,5.95320e-02
7.5030000e-05,6.19780e-02
7.5080000e-05,6.36750e-02
7.5130000e-05,6.46920e-02
7.5180000e-05,6.53070e-02
7.5230000e-05,6.53750e-02
7.5280000e-05,6.23660e-02
7.5330000e-05,6.16870e-02
7.5380000e-05,5.87880e-02
7.5430000e-05,5.53610e-02
7.5480000e-05,5.12890e-02
7.5530000e-05,4.59530e-02
7.5580000e-05,4.01840e-02
7.5630000e-05,3.53820e-02
7.5680000e-05,2.67640e-02
7.5730000e-05,2.13750e-02
7.5780000e-05,1.36430e-02
7.5830000e-05,5.02270e-03
7.5880000e-05,-1.23180e-03
7.5930000e-05,-1.15850e-02
7.5980000e-05,-1.91440e-02
7.6030000e-05,-2.73630e-02
7.6080000e-05,-3.68960e-02
7.6130000e-05,-5.51690e-02
7.6180000e-05,-6.41510e-02
7.6230000e-05,-7.18130e-02
7.6280000e-05,-8.05890e-02
7.6330000e-05,-8.70470e-02
7.6380000e-05,-9.55580e-02
7.6430000e-05,-1.00990e-01
7.6480000e-05,-1.08190e-01
7.6530000e-05,-1.11980e-01
7.6580000e-05,-1.16760e-01
7.6630000e-05,-1.19870e-01
7.6680000e-05,-1.23200e-01
7.6730000e-05,-1.25110e-01
7.6780000e-05,-1.25270e-01
7.6830000e-05,-1.24310e-01
7.6880000e-05,-1.23460e-01
7.6930000e-05,-1.20520e-01
7.6980000e-05,-1.19000e-01
7.7030000e-05,-1.14900e-01
7.7080000e-05,-1.08060e-01
7.7130000e-05,-1.03170e-01
7.7180000e-05,-9.68490e-02
7.7230000e-05,-9.00380e-02
7.7280000e-05,-8.16660e-02
7.7330000e-05,-6.36570e-02
7.7380000e-05,-5.35470e-02
7.7430000e-05,-4.42110e-02
7.7480000e-05,-3.32850e-02
7.7530000e-05,-2.18850e-02
7.7580000e-05,-1.07740e-02
7.7630000e-05,3.76940e-04
7.7680000e-05,1.04510e-02
7.7730000e-05,2.27060e-02
7.7780000e-05,3.22090e-02
7.7830000e-05,4.27610e-02
7.7880000e-05,5.35520e-02
7.7930000e-05,6.13670e-02
7.7980000e-05,7.05810e-02
7.8030000e-05,7.90660e-02
7.8080000e-05,8.48590e-02
7.8130000e-05,9.29420e-02
7.8180000e-05,9.80960e-02
7.8230000e-05,1.01690e-01
7.8280000e-05,1.06330e-01
7.8330000e-05,1.09320e-01
7.8380000e-05,1.09510e-01
7.8430000e-05,1.11270e-01
7.8480000e-05,1.11440e-01
7.8530000e-05,1.07490e-01
7.8580000e-05,1.03110e-01
7.8630000e-05,9.75460e-02
7.8680000e-05,9.35910e-02
7.8730000e-05,8.76790e-02
7.8780000e-05,7.87530e-02
7.8830000e-05,7.21130e-02
7.8880000e-05,6.30450e-02
7.8930000e-05,5.35720e-02
7.8980000e-05,4.52760e-02
7.9030000e-05,3.33580e-02
7.9080000e-05,2.30370e-02
7.9130000e-05,1.27680e-02
7.9180000e-05,-1.60260e-05
7.9230000e-05,-9.35210e-03
7.9280000e-05,-2.05570e-02
7.9330000e-05,-3.25130e-02
7.9380000e-05,-4.34750e-02
7.9430000e-05,-5.36290e-02
7.9480000e-05,-6.50220e-02
7.9530000e-05,-7.35730e-02
7.9580000e-05,-8.24050e-02
7.9630000e-05,-9.11100e-02
7.9680000e-05,-9.80820e-02
7.9730000e-05,-1.12010e-01
7.9780000e-05,-1.17030e-01
7.9830000e-05,-1.21290e-01
7.9880000e-05,-1.25490e-01
7.9930000e-05,-1.27170e-01
7.9980000e-05,-1.30070e-01
8.0030000e-05,-1.30910e-01
8.0080000e-05,-1.31220e-01
8.0130000e-05,-1.29520e-01
8.0180000e-05,-1.27420e-01
8.0230000e-05,-1.24320e-01
8.0280000e-05,-1.20670e-01
8.0330000e-05,-1.16040e-01
8.0380000e-05,-1.10560e-01
8.0430000e-05,-1.03890e-01
8.0480000e-05,-9.61120e-02
8.0530000e-05,-8.93110e-02
8.0580000e-05,-8.30790e-02
8.0630000e-05,-7.25950e-02
8.0680000e-05,-6.48830e-02
8.0730000e-05,-5.53810e-02
8.0780000e-05,-4.58070e-02
8.0830000e-05,-3.76660e-02
8.0880000e-05,-2.78860e-02
8.0930000e-05,-8.07410e-03
8.0980000e-05,1.63870e-03
8.1030000e-05,1.00300e-02
8.1080000e-05,1.79070e-02
8.1130000e-05,2.60920e-02
8.1180000e-05,3.37150e-02
8.1230000e-05,4.07130e-02
8.1280000e-05,4.66890e-02
8.1330000e-05,5.24740e-02
8.1380000e-05,5.78480e-02
8.1430000e-05,6.26210e-02
8.1480000e-05,6.56370e-02
8.1530000e-05,6.93660e-02
8.1580000e-05,7.08620e-02
8.1630000e-05,7.29450e-02
8.1680000e-05,7.40810e-02
8.1730000e-05,7.34840e-02
8.1780000e-05,7.29040e-02
8.1830000e-05,7.10160e-02
8.1880000e-05,6.86810e-02
8.1930000e-05,6.49580e-02
8.1980000e-05,6.13930e-02
8.2030000e-05,5.67140e-02
8.2080000e-05,5.30120e-02
8.2130000e-05,4.01830e-02
8.2180000e-05,3.44730e-02
8.2230000e-05,2.83480e-02
8.2280000e-05,2.09500e-02
8.2330000e-05,1.39220e-02
8.2380000e-05,6.18350e-03
8.2430000e-05,-1.67310e-03
8.2480000e-05,-8.57470e-03
8.2530000e-05,-1.45940e-02
8.2580000e-05,-2.28200e-02
8.2630000e-05,-3.00420e-02
8.2680000e-05,-3.86390e-02
8.2730000e-05,-4.50280e-02
8.2780000e-05,-5.23810e-02
8.2830000e-05,-5.65180e-02
8.2880000e-05,-6.32300e-02
8.2930000e-05,-6.95880e-02
8.2980000e-05,-7.32450e-02
8.3030000e-05,-7.87890e-02
8.3080000e-05,-8.15290e-02
8.3130000e-05,-8.52730e-02
8.3180000e-05,-8.85460e-02
8.3230000e-05,-9.10980e-02
8.3280000e-05,-9.14060e-02
8.3330000e-05,-9.24650e-02
8.3380000e-05,-9.24910e-02
8.3430000e-05,-9.19130e-02
8.3480000e-05,-9.02110e-02
8.3530000e-05,-8.69540e-02
8.3580000e-05,-8.36250e-02
8.3630000e-05,-8.06850e-02
8.3680000e-05,-7.70840e-02
8.3730000e-05,-7.23270e-02
8.3780000e-05,-6.64450e-02
8.3830000e-05,-6.04990e-02
8.3880000e-05,-5.54640e-02
8.3930000e-05,-4.89170e-02
8.3980000e-05,-4.30270e-02
8.4030000e-05,-3.57700e-02
8.4080000e-05,-2.75100e-02
8.4130000e-05,-2.10280e-02
8.4180000e-05,-1.37390e-02
8.4230000e-05,-5.89540e-03
8.4280000e-05,2.02150e-03
8.4330000e-05,8.66480e-03
8.4380000e-05,1.51880e-02
8.4430000e-05,2.27510e-02
8.4480000e-05,2.95620e-02
8.4530000e-05,4.15150e-02
8.4580000e-05,4.69880e-02
8.4630000e-05,5.15570e-02
8.4680000e-05,5.77580e-02
8.4730000e-05,6.16910e-02
8.4780000e-05,6.39170e-02
8.4830000e-05,6.77070e-02
8.4880000e-05,6.99090e-02
8.4930000e-05,7.25090e-02
8.4980000e-05,7.25090e-02
8.5030000e-05,7.38170e-02
8.5080000e-05,7.33470e-02
8.5130000e-05,7.28880e-02
8.5180000e-05,7.14780e-02
8.5230000e-05,7.09400e-02
8.5280000e-05,6.64190e-02
8.5330000e-05,6.37620e-02
8.5380000e-05,6.12230e-02
8.5430000e-05,5.51310e-02
8.5480000e-05,5.17910e-02
8.5530000e-05,4.63930e-02
8.5580000e-05,3.99130e-02
8.5630000e-05,3.35820e-02
8.5680000e-05,2.79450e-02
8.5730000e-05,1.42420e-02
8.5780000e-05,7.57590e-03
8.5830000e-05,-2.96120e-04
8.5880000e-05,-6.75640e-03
8.5930000e-05,-1.39570e-02
8.5980000e-05,-2.08490e-02
8.6030000e-05,-2.74080e-02
8.6080000e-05,-3.42530e-02
8.6130000e-05,-4.03000e-02
8.6180000e-05,-4.69060e-02
8.6230000e-05,-5.19440e-02
8.6280000e-05,-5.72430e-02
8.6330000e-05,-6.16780e-02
8.6380000e-05,-6.61080e-02
8.6430000e-05,-7.03600e-02
8.6480000e-05,-7.35180e-02
8.6530000e-05,-7.58830e-02
8.6580000e-05,-7.75100e-02
8.6630000e-05,-7.91890e-02
8.6680000e-05,-8.03380e-02
8.6730000e-05,-8.03900e-02
8.6780000e-05,-7.92770e-02
8.6830000e-05,-7.73650e-02
8.6880000e-05,-7.33160e-02
8.6930000e-05,-7.08630e-02
8.6980000e-05,-6.63450e-02
8.7030000e-05,-6.20110e-02
8.7080000e-05,-5.83110e-02
8.7130000e-05,-5.37000e-02
8.7180000e-05,-4.95780e-02
8.7230000e-05,-4.28700e-02
8.7280000e-05,-3.77530e-02
8.7330000e-05,-2.99730e-02
8.7380000e-05,-2.45090e-02
8.7430000e-05,-1.96990e-02
8.7480000e-05,-1.23990e-02
8.7530000e-05,-6.27530e-03
8.7580000e-05,7.39040e-04
8.7630000e-05,7.21420e-03
8.7680000e-05,1.23010e-02
8.7730000e-05,1.78880e-02
8.7780000e-05,2.37030e-02
8.7830000e-05,2.97590e-02
8.7880000e-05,3.36710e-02
8.7930000e-05,3.78090e-02
8.7980000e-05,4.15320e-02
8.8030000e-05,4.45770e-02
8.8080000e-05,4.84160e-02
8.8130000e-05,5.19500e-02
8.8180000e-05,5.27740e-02
8.8230000e-05,5.36470e-02
8.8280000e-05,5.36550e-02
8.8330000e-05,5.36550e-02
8.8380000e-05,5.16990e-02
8.8430000e-05,4.97540e-02
8.8480000e-05,4.76830e-02
8.8530000e-05,4.50420e-02
8.8580000e-05,4.22600e-02
8.8630000e-05,3.72750e-02
8.8680000e-05,3.24620e-02
8.8730000e-05,2.90730e-02
8.8780000e-05,2.27800e-02
8.8830000e-05,1.80770e-02
8.8880000e-05,1.23530e-02
8.8930000e-05,6.76050e-03
8.8980000e-05,4.17560e-04
8.9030000e-05,-5.27930e-03
8.9080000e-05,-1.06890e-02
8.9130000e-05,-1.75480e-02
8.9180000e-05,-2.40270e-02
8.9230000e-05,-3.00540e-02
8.9280000e-05,-3.56900e-02
8.9330000e-05,-4.63450e-02
8.9380000e-05,-5.09330e-02
8.9430000e-05,-5.58030e-02
8.9480000e-05,-5.85580e-02
8.9530000e-05,-6.15380e-02
8.9580000e-05,-6.48050e-02
8.9630000e-05,-6.67300e-02
8.9680000e-05,-6.92620e-02
8.9730000e-05,-6.97230e-02
8.9780000e-05,-6.95940e-02
8.9830000e-05,-6.84460e-02
8.9880000e-05,-6.97000e-02
8.9930000e-05,-6.67170e-02
8.9980000e-05,-6.49570e-02
9.0030000e-05,-6.23850e-02
9.0080000e-05,-5.80820e-02
9.0130000e-05,-5.61260e-02
9.0180000e-05,-5.17950e-02
9.0230000e-05,-4.65940e-02
9.0280000e-05,-4.25000e-02
9.0330000e-05,-3.56720e-02
9.0380000e-05,-2.94620e-02
9.0430000e-05,-2.33670e-02
9.0480000e-05,-1.66230e-02
9.0530000e-05,-3.92720e-03
9.0580000e-05,4.27610e-03
9.0630000e-05,1.11560e-02
9.0680000e-05,1.65520e-02
9.0730000e-05,2.39090e-02
9.0780000e-05,3.01540e-02
9.0830000e-05,3.60400e-02
9.0880000e-05,4.37820e-02
9.0930000e-05,5.07950e-02
9.0980000e-05,5.44070e-02
9.1030000e-05,6.02210e-02
9.1080000e-05,6.55810e-02
9.1130000e-05,7.07770e-02
9.1180000e-05,7.38960e-02
9.1230000e-05,7.85350e-02
9.1280000e-05,8.10060e-02
9.1330000e-05,8.35290e-02
9.1380000e-05,8.74160e-02
9.1430000e-05,8.88230e-02
9.1480000e-05,9.08480e-02
9.1530000e-05,9.08480e-02
9.1580000e-05,9.13630e-02
9.1630000e-05,9.13630e-02
9.1680000e-05,9.14700e-02
9.1730000e-05,8.87080e-02
9.1780000e-05,8.83930e-02
9.1830000e-05,8.54170e-02
9.1880000e-05,8.40190e-02
9.1930000e-05,8.21720e-02
9.1980000e-05,7.98660e-02
9.2030000e-05,7.68780e-02
9.2080000e-05,7.42210e-02
9.2130000e-05,7.09400e-02
9.2180000e-05,6.83360e-02
9.2230000e-05,6.59520e-02
9.2280000e-05,6.18200e-02
9.2330000e-05,5.91230e-02
9.2380000e-05,5.46700e-02
9.2430000e-05,5.24420e-02
9.2480000e-05,4.84080e-02
9.2530000e-05,4.57410e-02
9.2580000e-05,4.20290e-02
9.2630000e-05,3.95340e-02
9.2680000e-05,3.71990e-02
9.2730000e-05,3.46530e-02
9.2780000e-05,3.19620e-02
9.2830000e-05,2.85340e-02
9.2880000e-05,2.72340e-02
9.2930000e-05,2.35650e-02
9.2980000e-05,2.18950e-02
9.3030000e-05,2.09390e-02
9.3080000e-05,1.76320e-02
9.3130000e-05,1.86790e-02
9.3180000e-05,1.75640e-02
9.3230000e-05,1.62310e-02
9.3280000e-05,1.62990e-02
9.3330000e-05,1.67670e-02
9.3380000e-05,1.62910e-02
9.3430000e-05,1.64510e-02
9.3480000e-05,1.69780e-02
9.3530000e-05,1.60260e-02
9.3580000e-05,1.70840e-02
9.3630000e-05,1.79400e-02
9.3680000e-05,1.74820e-02
9.3730000e-05,1.94090e-02
9.3780000e-05,1.89740e-02
9.3830000e-05,1.99040e-02
9.3880000e-05,2.09430e-02
9.3930000e-05,2.19800e-02
9.3980000e-05,2.36120e-02
9.4030000e-05,2.36330e-02
9.4080000e-05,2.44460e-02
9.4130000e-05,2.55110e-02
9.4180000e-05,2.69510e-02
9.4230000e-05,2.69510e-02
9.4280000e-05,2.66450e-02
9.4330000e-05,2.76760e-02
9.4380000e-05,2.77950e-02
9.4430000e-05,2.83440e-02
9.4480000e-05,2.89480e-02
9.4530000e-05,2.95200e-02
9.4580000e-05,2.76410e-02
9.4630000e-05,2.88840e-02
9.4680000e-05,2.77720e-02
9.4730000e-05,2.70300e-02
9.4780000e-05,2.70050e-02
9.4830000e-05,2.50340e-02
9.4880000e-05,2.50340e-02
9.4930000e-05,2.56790e-02
9.4980000e-05,2.46000e-02
9.5030000e-05,2.48940e-02
9.5080000e-05,2.42910e-02
9.5130000e-05,2.15180e-02
9.5180000e-05,2.42010e-02
9.5230000e-05,2.08000e-02
9.5280000e-05,2.33110e-02
9.5330000e-05,2.04170e-02
9.5380000e-05,2.22060e-02
9.5430000e-05,2.14160e-02
9.5480000e-05,2.14160e-02
9.5530000e-05,2.19310e-02
9.5580000e-05,2.19190e-02
9.5630000e-05,2.12810e-02
9.5680000e-05,2.25820e-02
9.5730000e-05,2.39490e-02
9.5780000e-05,2.32510e-02
9.5830000e-05,2.50430e-02
9.5880000e-05,2.50820e-02
9.5930000e-05,2.61850e-02
9.5980000e-05,2.69150e-02
9.6030000e-05,2.88870e-02
9.6080000e-05,2.88870e-02
9.6130000e-05,2.91490e-02
9.6180000e-05,2.97910e-02
9.6230000e-05,3.05520e-02
9.6280000e-05,3.04840e-02
9.6330000e-05,3.34450e-02
9.6380000e-05,3.34910e-02
9.6430000e-05,3.34450e-02
9.6480000e-05,3.50540e-02
9.6530000e-05,3.61760e-02
9.6580000e-05,3.75680e-02
9.6630000e-05,3.73290e-02
9.6680000e-05,3.78410e-02
9.6730000e-05,3.93970e-02
9.6780000e-05,3.92660e-02
9.6830000e-05,3.96940e-02
9.6880000e-05,3.91130e-02
9.6930000e-05,3.88970e-02
9.6980000e-05,3.97050e-02
9.7030000e-05,4.04900e-02
9.7080000e-05,3.84400e-02
9.7130000e-05,3.83010e-02
9.7180000e-05,3.75220e-02
9.7230000e-05,3.69230e-02
9.7280000e-05,3.64950e-02
9.7330000e-05,3.41810e-02
9.7380000e-05,3.31890e-02
9.7430000e-05,3.00890e-02
9.7480000e-05,3.00890e-02
9.7530000e-05,2.96910e-02
9.7580000e-05,2.74680e-02
9.7630000e-05,2.61940e-02
9.7680000e-05,2.40750e-02
9.7730000e-05,2.06560e-02
9.7780000e-05,1.80630e-02
9.7830000e-05,1.53880e-02
9.7880000e-05,1.22760e-02
9.7930000e-05,1.03700e-02
9.7980000e-05,7.18660e-03
9.8030000e-05,5.33750e-03
9.8080000e-05,2.25610e-03
9.8130000e-05,-4.66860e-04
9.8180000e-05,-2.92330e-03
9.8230000e-05,-5.64060e-03
9.8280000e-05,-8.41000e-03
9.8330000e-05,-1.09330e-02
9.8380000e-05,-1.47920e-02
9.8430000e-05,-1.67090e-02
9.8480000e-05,-2.02580e-02
9.8530000e-05,-2.32810e-02
9.8580000e-05,-2.39930e-02
9.8630000e-05,-2.66880e-02
9.8680000e-05,-2.89510e-02
9.8730000e-05,-3.30490e-02
9.8780000e-05,-3.46430e-02
9.8830000e-05,-3.66300e-02
9.8880000e-05,-3.93280e-02
9.8930000e-05,-4.25580e-02
9.8980000e-05,-4.46820e-02
9.9030000e-05,-4.52770e-02
9.9080000e-05,-4.65460e-02
9.9130000e-05,-4.72030e-02
9.9180000e-05,-4.82300e-02
9.9230000e-05,-4.91810e-02
9.9280000e-05,-5.02190e-02
9.9330000e-05,-5.02190e-02
9.9380000e-05,-5.00310e-02
9.9430000e-05,-4.91360e-02
9.9480000e-05,-5.00430e-02
9.9530000e-05,-4.85160e-02
9.9580000e-05,-4.85160e-02
9.9630000e-05,-4.73170e-02
9.9680000e-05,-4.51120e-02
9.9730000e-05,-4.49910e-02
9.9780000e-05,-4.40490e-02
9.9830000e-05,-4.21890e-02
9.9880000e-05,-4.02480e-02
9.9930000e-05,-3.88480e-02
9.9980000e-05,-3.68670e-02
1.0003000e-04,-3.56190e-02
1.0008000e-04,-3.44450e-02
1.0013000e-04,-2.91410e-02
1.0018000e-04,-2.79920e-02
1.0023000e-04,-2.61360e-02
1.0028000e-04,-2.58950e-02
1.0033000e-04,-2.41920e-02
1.0038000e-04,-2.11170e-02
1.0043000e-04,-2.06570e-02
1.0048000e-04,-2.06570e-02
1.0053000e-04,-1.77290e-02
1.0058000e-04,-1.72550e-02
1.0063000e-04,-1.72550e-02
1.0068000e-04,-1.44850e-02
1.0073000e-04,-1.41740e-02
1.0078000e-04,-1.48670e-02
1.0083000e-04,-1.43940e-02
1.0088000e-04,-1.64680e-02
1.0093000e-04,-1.62850e-02
1.0098000e-04,-1.62850e-02
1.0103000e-04,-1.75780e-02
1.0108000e-04,-1.84530e-02
1.0113000e-04,-1.98680e-02
1.0118000e-04,-2.21690e-02
1.0123000e-04,-2.30830e-02
1.0128000e-04,-2.49440e-02
1.0133000e-04,-2.96860e-02
1.0138000e-04,-2.96860e-02
1.0143000e-04,-3.43370e-02
1.0148000e-04,-3.54860e-02
1.0153000e-04,-3.87490e-02
1.0158000e-04,-4.13340e-02
1.0163000e-04,-4.27510e-02
1.0168000e-04,-4.50210e-02
1.0173000e-04,-4.67660e-02
1.0178000e-04,-5.01030e-02
1.0183000e-04,-5.09750e-02
1.0188000e-04,-5.35140e-02
1.0193000e-04,-5.44340e-02
1.0198000e-04,-5.59230e-02
1.0203000e-04,-5.70490e-02
1.0208000e-04,-5.71790e-02
1.0213000e-04,-5.71790e-02
1.0218000e-04,-5.79910e-02
1.0223000e-04,-5.79910e-02
1.0228000e-04,-5.69020e-02
1.0233000e-04,-5.70490e-02
1.0238000e-04,-5.56210e-02
1.0243000e-04,-5.52430e-02
1.0248000e-04,-5.25690e-02
1.0253000e-04,-4.99220e-02
1.0258000e-04,-4.70490e-02
1.0263000e-04,-4.58490e-02
1.0268000e-04,-4.24420e-02
1.0273000e-04,-3.91250e-02
1.0278000e-04,-3.67580e-02
1.0283000e-04,-3.30700e-02
1.0288000e-04,-2.98980e-02
1.0293000e-04,-2.60850e-02
1.0298000e-04,-2.22370e-02
1.0303000e-04,-1.83070e-02
1.0308000e-04,-1.50620e-02
1.0313000e-04,-1.11120e-02
1.0318000e-04,-7.57160e-03
1.0323000e-04,-3.20430e-03
1.0328000e-04,4.04940e-04
1.0333000e-04,3.03460e-03
1.0338000e-04,6.44220e-03
1.0343000e-04,9.15410e-03
1.0348000e-04,1.20950e-02
1.0353000e-04,1.67640e-02
1.0358000e-04,1.73010e-02
1.0363000e-04,1.90270e-02
1.0368000e-04,2.19270e-02
1.0373000e-04,2.58290e-02
1.0378000e-04,2.59150e-02
1.0383000e-04,2.55630e-02
1.0388000e-04,2.72140e-02
1.0393000e-04,2.71630e-02
1.0398000e-04,2.78580e-02
1.0403000e-04,2.80520e-02
1.0408000e-04,2.68920e-02
1.0413000e-04,2.64170e-02
1.0418000e-04,2.47760e-02
1.0423000e-04,2.46520e-02
1.0428000e-04,2.28950e-02
1.0433000e-04,2.25300e-02
1.0438000e-04,2.04690e-02
1.0443000e-04,1.86450e-02
1.0448000e-04,1.75420e-02
1.0453000e-04,1.59510e-02
1.0458000e-04,1.39610e-02
1.0463000e-04,1.25090e-02
1.0468000e-04,1.13140e-02
1.0473000e-04,8.75070e-03
1.0478000e-04,7.93640e-03
1.0483000e-04,5.65090e-03
1.0488000e-04,4.85140e-03
1.0493000e-04,1.59460e-03
1.0498000e-04,1.82550e-03
1.0503000e-04,2.71340e-04
1.0508000e-04,-6.52090e-04
1.0513000e-04,-1.78870e-03
1.0518000e-04,-1.78870e-03
1.0523000e-04,-1.84470e-03
1.0528000e-04,-1.04030e-03
1.0533000e-04,-1.17010e-03
1.0538000e-04,-9.07330e-04
1.0543000e-04,2.59320e-04
1.0548000e-04,-1.01760e-04
1.0553000e-04,2.31900e-03
1.0558000e-04,2.66560e-03
1.0563000e-04,4.35170e-03
1.0568000e-04,4.88940e-03
1.0573000e-04,6.29120e-03
1.0578000e-04,8.33870e-03
1.0583000e-04,9.35680e-03
1.0588000e-04,1.20870e-02
1.0593000e-04,1.31390e-02
1.0598000e-04,1.61160e-02
1.0603000e-04,1.65240e-02
1.0608000e-04,1.95010e-02
1.0613000e-04,2.42830e-02
1.0618000e-04,2.56310e-02
1.0623000e-04,2.84850e-02
1.0628000e-04,2.99880e-02
1.0633000e-04,3.27750e-02
1.0638000e-04,3.48930e-02
1.0643000e-04,3.54510e-02
1.0648000e-04,3.54510e-02
1.0653000e-04,3.93390e-02
1.0658000e-04,3.97460e-02
1.0663000e-04,4.18700e-02
1.0668000e-04,4.27000e-02
1.0673000e-04,4.29190e-02
1.0678000e-04,4.35200e-02
1.0683000e-04,4.51380e-02
1.0688000e-04,4.45400e-02
1.0693000e-04,4.50360e-02
1.0698000e-04,4.47050e-02
1.0703000e-04,4.32710e-02
1.0708000e-04,4.40010e-02
1.0713000e-04,4.40460e-02
1.0718000e-04,4.24630e-02
1.0723000e-04,4.19510e-02
1.0728000e-04,4.07050e-02
1.0733000e-04,3.78420e-02
1.0738000e-04,3.70500e-02
1.0743000e-04,3.40840e-02
1.0748000e-04,3.22940e-02
1.0753000e-04,3.03600e-02
1.0758000e-04,2.80240e-02
1.0763000e-04,2.68220e-02
1.0768000e-04,2.36960e-02
1.0773000e-04,2.12750e-02
1.0778000e-04,1.81110e-02
1.0783000e-04,1.77760e-02
1.0788000e-04,1.53770e-02
1.0793000e-04,1.14390e-02
1.0798000e-04,9.00130e-03
1.0803000e-04,5.60160e-03
1.0808000e-04,5.06900e-03
1.0813000e-04,2.76180e-03
1.0818000e-04,2.61860e-04
1.0823000e-04,-2.51670e-03
1.0828000e-04,-4.83660e-03
1.0833000e-04,-5.84100e-03
1.0838000e-04,-8.25170e-03
1.0843000e-04,-9.92710e-03
1.0848000e-04,-1.21690e-02
1.0853000e-04,-1.49780e-02
1.0858000e-04,-1.67780e-02
1.0863000e-04,-1.77440e-02
1.0868000e-04,-2.01670e-02
1.0873000e-04,-2.00490e-02
1.0878000e-04,-2.20460e-02
1.0883000e-04,-2.39610e-02
1.0888000e-04,-2.45320e-02
1.0893000e-04,-2.51270e-02
1.0898000e-04,-2.60130e-02
1.0903000e-04,-2.49050e-02
1.0908000e-04,-2.61170e-02
1.0913000e-04,-2.61170e-02
1.0918000e-04,-2.69030e-02
1.0923000e-04,-2.66770e-02
1.0928000e-04,-2.67550e-02
1.0933000e-04,-2.57100e-02
1.0938000e-04,-2.55850e-02
1.0943000e-04,-2.55050e-02
1.0948000e-04,-2.38900e-02
1.0953000e-04,-2.32850e-02
1.0958000e-04,-2.18650e-02
1.0963000e-04,-2.05630e-02
1.0968000e-04,-1.94680e-02
1.0973000e-04,-1.63710e-02
1.0978000e-04,-1.43690e-02
1.0983000e-04,-1.25890e-02
1.0988000e-04,-9.87890e-03
1.0993000e-04,-9.20010e-03
1.0998000e-04,-6.06360e-03
1.1003000e-04,-3.97630e-03
1.1008000e-04,-2.73100e-03
1.1013000e-04,-5.78940e-04
1.1018000e-04,1.44680e-03
1.1023000e-04,2.78820e-03
1.1028000e-04,5.04170e-03
1.1033000e-04,5.79600e-03
1.1038000e-04,8.63740e-03
1.1043000e-04,1.12340e-02
1.1048000e-04,8.40160e-03
1.1053000e-04,1.23400e-02
1.1058000e-04,1.31660e-02
1.1063000e-04,1.26130e-02
1.1068000e-04,1.44630e-02
1.1073000e-04,1.45500e-02
1.1078000e-04,1.42610e-02
1.1083000e-04,1.51980e-02
1.1088000e-04,1.57520e-02
1.1093000e-04,1.58420e-02
1.1098000e-04,1.35930e-02
1.1103000e-04,1.23160e-02
1.1108000e-04,1.18170e-02
1.1113000e-04,1.09250e-02
1.1118000e-04,9.06880e-03
1.1123000e-04,7.71540e-03
1.1128000e-04,5.91910e-03
1.1133000e-04,4.36800e-03
1.1138000e-04,3.79670e-03
1.1143000e-04,1.90720e-03
1.1148000e-04,-7.17790e-04
1.1153000e-04,-3.04840e-03
1.1158000e-04,-4.87720e-03
1.1163000e-04,-6.59150e-03
1.1168000e-04,-7.55960e-03
1.1173000e-04,-1.00890e-02
1.1178000e-04,-1.42370e-02
1.1183000e-04,-1.49430e-02
1.1188000e-04,-1.79570e-02
1.1193000e-04,-1.93570e-02
1.1198000e-04,-2.02360e-02
1.1203000e-04,-2.28370e-02
1.1208000e-04,-2.61530e-02
1.1213000e-04,-2.76600e-02
1.1218000e-04,-3.03020e-02
1.1223000e-04,-2.88780e-02
1.1228000e-04,-3.22960e-02
1.1233000e-04,-3.32730e-02
1.1238000e-04,-3.35980e-02
1.1243000e-04,-3.43240e-02
1.1248000e-04,-3.56350e-02
1.1253000e-04,-3.57920e-02
1.1258000e-04,-3.62030e-02
1.1263000e-04,-3.65030e-02
1.1268000e-04,-3.56260e-02
1.1273000e-04,-3.64670e-02
1.1278000e-04,-3.51150e-02
1.1283000e-04,-3.45850e-02
1.1288000e-04,-3.41800e-02
1.1293000e-04,-3.28620e-02
1.1298000e-04,-3.17460e-02
1.1303000e-04,-3.09640e-02
1.1308000e-04,-2.86600e-02
1.1313000e-04,-2.73850e-02
1.1318000e-04,-2.59820e-02
1.1323000e-04,-2.39590e-02
1.1328000e-04,-2.10170e-02
1.1333000e-04,-1.89660e-02
1.1338000e-04,-1.57550e-02
1.1343000e-04,-1.39480e-02
1.1348000e-04,-1.13020e-02
1.1353000e-04,-9.71530e-03
1.1358000e-04,-7.76020e-03
1.1363000e-04,-4.81040e-03
1.1368000e-04,-2.54610e-03
1.1373000e-04,8.47020e-04
1.1378000e-04,2.06150e-03
1.1383000e-04,3.76520e-03
1.1388000e-04,6.32480e-03
1.1393000e-04,6.88560e-03
1.1398000e-04,9.80480e-03
1.1403000e-04,1.29770e-02
1.1408000e-04,1.21080e-02
1.1413000e-04,1.54940e-02
1.1418000e-04,1.51750e-02
1.1423000e-04,1.68780e-02
1.1428000e-04,1.88400e-02
1.1433000e-04,1.92690e-02
1.1438000e-04,1.93360e-02
1.1443000e-04,1.96100e-02
1.1448000e-04,2.12130e-02
1.1453000e-04,2.24530e-02
1.1458000e-04,2.19780e-02
1.1463000e-04,2.05860e-02
1.1468000e-04,2.05860e-02
1.1473000e-04,2.10880e-02
1.1478000e-04,2.10880e-02
1.1483000e-04,2.08050e-02
1.1488000e-04,1.92430e-02
1.1493000e-04,1.94420e-02
1.1498000e-04,1.84490e-02
1.1503000e-04,1.90020e-02
1.1508000e-04,1.66260e-02
1.1513000e-04,1.59040e-02
1.1518000e-04,1.47340e-02
1.1523000e-04,1.46620e-02
1.1528000e-04,1.45960e-02
1.1533000e-04,1.19530e-02
1.1538000e-04,1.13580e-02
1.1543000e-04,1.08830e-02
1.1548000e-04,8.58040e-03
1.1553000e-04,1.01440e-02
1.1558000e-04,8.28320e-03
1.1563000e-04,5.77430e-03
1.1568000e-04,6.77080e-03
1.1573000e-04,4.97720e-03
1.1578000e-04,4.05500e-03
1.1583000e-04,4.05500e-03
1.1588000e-04,2.45440e-03
1.1593000e-04,2.34600e-03
1.1598000e-04,2.77210e-03
1.1603000e-04,2.53770e-03
1.1608000e-04,2.18890e-03
1.1613000e-04,2.59160e-03
1.1618000e-04,1.57690e-03
1.1623000e-04,3.08630e-03
1.1628000e-04,2.79490e-03
1.1633000e-04,4.35310e-03
1.1638000e-04,4.65250e-03
1.1643000e-04,3.47680e-03
1.1648000e-04,4.90530e-03
1.1653000e-04,6.15610e-03
1.1658000e-04,6.08740e-03
1.1663000e-04,6.59980e-03
1.1668000e-04,6.61080e-03
1.1673000e-04,6.15160e-03
1.1678000e-04,8.31340e-03
1.1683000e-04,9.79910e-03
1.1688000e-04,9.80530e-03
1.1693000e-04,1.15530e-02
1.1698000e-04,1.23200e-02
1.1703000e-04,1.39140e-02
1.1708000e-04,1.39140e-02
1.1713000e-04,1.48820e-02
1.1718000e-04,1.61860e-02
1.1723000e-04,1.71130e-02
1.1728000e-04,1.78330e-02
1.1733000e-04,1.96280e-02
1.1738000e-04,2.00520e-02
1.1743000e-04,2.01340e-02
1.1748000e-04,2.13640e-02
1.1753000e-04,2.36110e-02
1.1758000e-04,2.26910e-02
1.1763000e-04,2.45510e-02
1.1768000e-04,2.55280e-02
1.1773000e-04,2.53130e-02
1.1778000e-04,2.64040e-02
1.1783000e-04,2.82890e-02
1.1788000e-04,2.70360e-02
1.1793000e-04,2.80600e-02
1.1798000e-04,2.93960e-02
1.1803000e-04,2.79110e-02
1.1808000e-04,2.82850e-02
1.1813000e-04,2.86650e-02
1.1818000e-04,2.72170e-02
1.1823000e-04,2.73890e-02
1.1828000e-04,2.79750e-02
1.1833000e-04,2.63970e-02
1.1838000e-04,2.61060e-02
1.1843000e-04,2.59980e-02
1.1848000e-04,2.42800e-02
1.1853000e-04,2.43470e-02
1.1858000e-04,2.29810e-02
1.1863000e-04,2.15510e-02
1.1868000e-04,2.13200e-02
1.1873000e-04,2.13610e-02
1.1878000e-04,1.81940e-02
1.1883000e-04,1.90870e-02
1.1888000e-04,1.72760e-02
1.1893000e-04,1.53110e-02
1.1898000e-04,1.46720e-02
1.1903000e-04,1.32960e-02
1.1908000e-04,1.13260e-02
1.1913000e-04,1.13260e-02
1.1918000e-04,1.03060e-02
1.1923000e-04,8.87850e-03
1.1928000e-04,7.06000e-03
1.1933000e-04,4.78980e-03
1.1938000e-04,4.25220e-03
1.1943000e-04,2.41090e-03
1.1948000e-04,9.86520e-04
1.1953000e-04,-4.68870e-04
1.1958000e-04,-5.45180e-05
1.1963000e-04,-9.20840e-04
1.1968000e-04,-3.63530e-03
1.1973000e-04,-2.71080e-03
1.1978000e-04,-4.11160e-03
1.1983000e-04,-4.57940e-03
1.1988000e-04,-4.31800e-03
1.1993000e-04,-5.15130e-03
1.1998000e-04,-6.06400e-03
1.2003000e-04,-5.14910e-03
1.2008000e-04,-5.92830e-03
1.2013000e-04,-5.80500e-03
1.2018000e-04,-4.48050e-03
1.2023000e-04,-4.33150e-03
1.2028000e-04,-4.22150e-03
1.2033000e-04,-3.16580e-03
1.2038000e-04,-2.62860e-03
1.2043000e-04,-1.89750e-03
1.2048000e-04,5.81300e-04
1.2053000e-04,2.27990e-03
1.2058000e-04,3.50910e-03
1.2063000e-04,3.54950e-03
1.2068000e-04,5.31680e-03
1.2073000e-04,6.42020e-03
1.2078000e-04,6.92850e-03
1.2083000e-04,1.02590e-02
1.2088000e-04,8.48940e-03
1.2093000e-04,1.15740e-02
1.2098000e-04,1.15750e-02
1.2103000e-04,1.28890e-02
1.2108000e-04,1.28890e-02
1.2113000e-04,1.45910e-02
1.2118000e-04,1.48340e-02
1.2123000e-04,1.55190e-02
1.2128000e-04,1.62600e-02
1.2133000e-04,1.57740e-02
1.2138000e-04,1.57530e-02
1.2143000e-04,1.57570e-02
1.2148000e-04,1.49100e-02
1.2153000e-04,1.44200e-02
1.2158000e-04,1.46460e-02
1.2163000e-04,1.23310e-02
1.2168000e-04,1.20440e-02
1.2173000e-04,8.83840e-03
1.2178000e-04,7.93420e-03
1.2183000e-04,5.55910e-03
1.2188000e-04,2.68670e-03
1.2193000e-04,1.96510e-03
1.2198000e-04,2.80140e-04
1.2203000e-04,-4.02690e-03
1.2208000e-04,-4.99980e-03
1.2213000e-04,-8.38840e-03
1.2218000e-04,-1.07830e-02
1.2223000e-04,-1.10530e-02
1.2228000e-04,-1.58670e-02
1.2233000e-04,-1.80290e-02
1.2238000e-04,-2.07280e-02
1.2243000e-04,-2.25620e-02
1.2248000e-04,-2.48680e-02
1.2253000e-04,-2.68790e-02
1.2258000e-04,-2.97800e-02
1.2263000e-04,-3.17880e-02
1.2268000e-04,-3.24650e-02
1.2273000e-04,-3.49510e-02
1.2278000e-04,-3.61770e-02
1.2283000e-04,-3.71170e-02
1.2288000e-04,-3.91900e-02
1.2293000e-04,-4.01870e-02
1.2298000e-04,-4.11020e-02
1.2303000e-04,-4.02440e-02
1.2308000e-04,-4.11690e-02
1.2313000e-04,-4.01220e-02
1.2318000e-04,-3.91980e-02
1.2323000e-04,-3.97710e-02
1.2328000e-04,-3.80810e-02
1.2333000e-04,-3.54740e-02
1.2338000e-04,-3.57720e-02
1.2343000e-04,-3.24770e-02
1.2348000e-04,-3.01930e-02
1.2353000e-04,-2.98380e-02
1.2358000e-04,-2.68810e-02
1.2363000e-04,-2.32590e-02
1.2368000e-04,-2.18360e-02
1.2373000e-04,-1.87700e-02
1.2378000e-04,-1.57090e-02
1.2383000e-04,-1.26270e-02
1.2388000e-04,-1.03800e-02
1.2393000e-04,-8.23820e-03
1.2398000e-04,-4.94190e-03
1.2403000e-04,-2.28200e-03
1.2408000e-04,3.92460e-03
1.2413000e-04,5.71520e-03
1.2418000e-04,8.43010e-03
1.2423000e-04,1.17380e-02
1.2428000e-04,1.40050e-02
1.2433000e-04,1.51560e-02
1.2438000e-04,1.83650e-02
1.2443000e-04,1.79220e-02
1.2448000e-04,2.00140e-02
1.2453000e-04,2.33640e-02
1.2458000e-04,2.23330e-02
1.2463000e-04,2.38140e-02
1.2468000e-04,2.37360e-02
1.2473000e-04,2.23110e-02
1.2478000e-04,2.37510e-02
1.2483000e-04,2.27570e-02
1.2488000e-04,2.09410e-02
1.2493000e-04,2.11350e-02
1.2498000e-04,1.89970e-02
1.2503000e-04,1.73200e-02
1.2508000e-04,1.75400e-02
1.2513000e-04,1.48630e-02
1.2518000e-04,1.18260e-02
1.2523000e-04,1.06560e-02
1.2528000e-04,8.76010e-03
1.2533000e-04,4.14360e-03
1.2538000e-04,1.20460e-03
1.2543000e-04,-1.10030e-03
1.2548000e-04,-2.81350e-03
1.2553000e-04,-4.13870e-03
1.2558000e-04,-7.24490e-03
1.2563000e-04,-8.97580e-03
1.2568000e-04,-1.29580e-02
1.2573000e-04,-1.47020e-02
1.2578000e-04,-1.52900e-02
1.2583000e-04,-1.79880e-02
1.2588000e-04,-1.94950e-02
1.2593000e-04,-2.16420e-02
1.2598000e-04,-2.32770e-02
1.2603000e-04,-2.27950e-02
1.2608000e-04,-2.43790e-02
1.2613000e-04,-2.59410e-02
1.2618000e-04,-2.59260e-02
1.2623000e-04,-2.72010e-02
1.2628000e-04,-2.84090e-02
1.2633000e-04,-2.54510e-02
1.2638000e-04,-2.67010e-02
1.2643000e-04,-2.67010e-02
1.2648000e-04,-2.50890e-02
1.2653000e-04,-2.37360e-02
1.2658000e-04,-2.27210e-02
1.2663000e-04,-2.11440e-02
1.2668000e-04,-1.96950e-02
1.2673000e-04,-1.70680e-02
1.2678000e-04,-1.59050e-02
1.2683000e-04,-1.30250e-02
1.2688000e-04,-1.11780e-02
1.2693000e-04,-7.83490e-03
1.2698000e-04,-4.85600e-03
1.2703000e-04,-2.42270e-03
1.2708000e-04,4.85760e-04
1.2713000e-04,3.91280e-03
1.2718000e-04,6.18160e-03
1.2723000e-04,8.67530e-03
1.2728000e-04,1.18440e-02
1.2733000e-04,1.47650e-02
1.2738000e-04,1.82440e-02
1.2743000e-04,2.07310e-02
1.2748000e-04,2.19920e-02
1.2753000e-04,2.25920e-02
1.2758000e-04,2.63260e-02
1.2763000e-04,2.79580e-02
1.2768000e-04,3.16460e-02
1.2773000e-04,3.11310e-02
1.2778000e-04,3.40420e-02
1.2783000e-04,3.47700e-02
1.2788000e-04,3.64820e-02
1.2793000e-04,3.69260e-02
1.2798000e-04,3.59730e-02
1.2803000e-04,3.78170e-02
1.2808000e-04,3.71570e-02
1.2813000e-04,3.83850e-02
1.2818000e-04,3.72060e-02
1.2823000e-04,3.62960e-02
1.2828000e-04,3.51170e-02
1.2833000e-04,3.42590e-02
1.2838000e-04,3.36880e-02
1.2843000e-04,3.15300e-02
1.2848000e-04,3.04810e-02
1.2853000e-04,2.88070e-02
1.2858000e-04,2.76360e-02
1.2863000e-04,2.60670e-02
1.2868000e-04,2.30610e-02
1.2873000e-04,2.14640e-02
1.2878000e-04,1.95780e-02
1.2883000e-04,1.71820e-02
1.2888000e-04,1.57280e-02
1.2893000e-04,1.14000e-02
1.2898000e-04,8.77220e-03
1.2903000e-04,7.15390e-03
1.2908000e-04,5.02430e-03
1.2913000e-04,4.05910e-03
1.2918000e-04,2.47680e-03
1.2923000e-04,-4.79180e-04
1.2928000e-04,-1.75140e-03
1.2933000e-04,-3.03010e-03
1.2938000e-04,-4.16320e-03
1.2943000e-04,-5.26160e-03
1.2948000e-04,-7.42980e-03
1.2953000e-04,-8.39630e-03
1.2958000e-04,-8.39630e-03
1.2963000e-04,-8.56750e-03
1.2968000e-04,-8.63730e-03
1.2973000e-04,-8.59930e-03
1.2978000e-04,-9.44330e-03
1.2983000e-04,-9.44330e-03
1.2988000e-04,-9.47770e-03
1.2993000e-04,-9.47770e-03
1.2998000e-04,-8.75990e-03
1.3003000e-04,-8.75990e-03
1.3008000e-04,-7.48910e-03
1.3013000e-04,-6.58880e-03
1.3018000e-04,-6.64870e-03
1.3023000e-04,-5.39670e-03
1.3028000e-04,-3.85870e-03
1.3033000e-04,-3.60080e-03
1.3038000e-04,-3.60080e-03
1.3043000e-04,-1.63480e-03
1.3048000e-04,-6.68180e-04
1.3053000e-04,4.94600e-04
1.3058000e-04,1.95830e-03
1.3063000e-04,2.82320e-03
1.3068000e-04,2.27810e-03
1.3073000e-04,5.49180e-03
1.3078000e-04,5.36710e-03
1.3083000e-04,6.47600e-03
1.3088000e-04,7.98550e-03
1.3093000e-04,7.98550e-03
1.3098000e-04,8.71040e-03
1.3103000e-04,9.91690e-03
1.3108000e-04,1.01320e-02
1.3113000e-04,9.68140e-03
1.3118000e-04,1.04230e-02
1.3123000e-04,1.04950e-02
1.3128000e-04,1.08720e-02
1.3133000e-04,1.02460e-02
1.3138000e-04,1.02460e-02
1.3143000e-04,8.99290e-03
1.3148000e-04,8.99290e-03
1.3153000e-04,9.94330e-03
1.3158000e-04,7.08660e-03
1.3163000e-04,5.74350e-03
1.3168000e-04,6.47790e-03
1.3173000e-04,3.85510e-03
1.3178000e-04,4.96730e-03
1.3183000e-04,4.33360e-03
1.3188000e-04,1.66300e-03
1.3193000e-04,8.86590e-04
1.3198000e-04,-5.40950e-04
1.3203000e-04,-1.37770e-03
1.3208000e-04,-2.25440e-03
1.3213000e-04,-3.32460e-03
1.3218000e-04,-5.86800e-03
1.3223000e-04,-6.61560e-03
1.3228000e-04,-7.90790e-03
1.3233000e-04,-7.90790e-03
1.3238000e-04,-9.15380e-03
1.3243000e-04,-1.01410e-02
1.3248000e-04,-1.25430e-02
1.3253000e-04,-1.13590e-02
1.3258000e-04,-1.34480e-02
1.3263000e-04,-1.31030e-02
1.3268000e-04,-1.38910e-02
1.3273000e-04,-1.38310e-02
1.3278000e-04,-1.42610e-02
1.3283000e-04,-1.42680e-02
1.3288000e-04,-1.42680e-02
1.3293000e-04,-1.42310e-02
1.3298000e-04,-1.43320e-02
1.3303000e-04,-1.38530e-02
1.3308000e-04,-1.38530e-02
1.3313000e-04,-1.32670e-02
1.3318000e-04,-1.16490e-02
1.3323000e-04,-1.16490e-02
1.3328000e-04,-1.08940e-02
1.3333000e-04,-1.00910e-02
1.3338000e-04,-9.08790e-03
1.3343000e-04,-8.98100e-03
1.3348000e-04,-8.64030e-03
1.3353000e-04,-6.24050e-03
1.3358000e-04,-6.27750e-03
1.3363000e-04,-4.25260e-03
1.3368000e-04,-4.00400e-03
1.3373000e-04,-2.38040e-03
1.3378000e-04,-1.80860e-03
1.3383000e-04,9.61040e-04
1.3388000e-04,4.69700e-04
1.3393000e-04,1.31480e-04
1.3398000e-04,1.31480e-04
1.3403000e-04,2.13760e-03
1.3408000e-04,2.07000e-03
1.3413000e-04,3.18480e-03
1.3418000e-04,3.18480e-03
1.3423000e-04,2.25990e-03
1.3428000e-04,3.44630e-03
1.3433000e-04,2.97210e-03
1.3438000e-04,3.30760e-03
1.3443000e-04,1.96360e-03
1.3448000e-04,1.92360e-03
1.3453000e-04,1.92360e-03
1.3458000e-04,1.48950e-03
1.3463000e-04,1.63870e-03
1.3468000e-04,2.21590e-04
1.3473000e-04,-6.52950e-04
1.3478000e-04,-9.39300e-04
1.3483000e-04,-8.31050e-04
1.3488000e-04,-3.85060e-03
1.3493000e-04,-3.99470e-03
1.3498000e-04,-5.88430e-03
1.3503000e-04,-5.67670e-03
1.3508000e-04,-7.38400e-03
1.3513000e-04,-9.34440e-03
1.3518000e-04,-1.02730e-02
1.3523000e-04,-1.24300e-02
1.3528000e-04,-1.29410e-02
1.3533000e-04,-1.25780e-02
1.3538000e-04,-1.43130e-02
1.3543000e-04,-1.53870e-02
1.3548000e-04,-1.75730e-02
1.3553000e-04,-1.83620e-02
1.3558000e-04,-1.94710e-02
1.3563000e-04,-1.93210e-02
1.3568000e-04,-2.08280e-02
1.3573000e-04,-2.19550e-02
1.3578000e-04,-2.19550e-02
1.3583000e-04,-2.28940e-02
1.3588000e-04,-2.28940e-02
1.3593000e-04,-2.36170e-02
1.3598000e-04,-2.41640e-02
1.3603000e-04,-2.25270e-02
1.3608000e-04,-2.17750e-02
1.3613000e-04,-2.17750e-02
1.3618000e-04,-2.12300e-02
1.3623000e-04,-2.12300e-02
1.3628000e-04,-1.97680e-02
1.3633000e-04,-1.81590e-02
1.3638000e-04,-1.72080e-02
1.3643000e-04,-1.58730e-02
1.3648000e-04,-1.51380e-02
1.3653000e-04,-1.34950e-02
1.3658000e-04,-1.11240e-02
1.3663000e-04,-9.05030e-03
1.3668000e-04,-7.99720e-03
1.3673000e-04,-6.02460e-03
1.3678000e-04,-4.50640e-03
1.3683000e-04,-2.17760e-03
1.3688000e-04,3.00930e-04
1.3693000e-04,1.96910e-03
1.3698000e-04,3.73900e-03
1.3703000e-04,5.05630e-03
1.3708000e-04,7.16930e-03
1.3713000e-04,7.93500e-03
1.3718000e-04,1.00400e-02
1.3723000e-04,1.08580e-02
1.3728000e-04,1.30490e-02
1.3733000e-04,1.30490e-02
1.3738000e-04,1.45340e-02
1.3743000e-04,1.52380e-02
1.3748000e-04,1.52380e-02
1.3753000e-04,1.47470e-02
1.3758000e-04,1.47470e-02
1.3763000e-04,1.47470e-02
1.3768000e-04,1.31670e-02
1.3773000e-04,1.31670e-02
1.3778000e-04,1.39560e-02
1.3783000e-04,1.41780e-02
1.3788000e-04,1.06240e-02
1.3793000e-04,1.23640e-02
1.3798000e-04,9.74990e-03
1.3803000e-04,6.99780e-03
1.3808000e-04,7.04220e-03
1.3813000e-04,2.44380e-03
1.3818000e-04,2.44380e-03
1.3823000e-04,9.67210e-04
1.3828000e-04,-3.93020e-04
1.3833000e-04,-2.15450e-03
1.3838000e-04,-4.01920e-03
1.3843000e-04,-5.95750e-03
1.3848000e-04,-9.23880e-03
1.3853000e-04,-1.23220e-02
1.3858000e-04,-1.35620e-02
1.3863000e-04,-1.57560e-02
1.3868000e-04,-1.73390e-02
1.3873000e-04,-1.87540e-02
1.3878000e-04,-2.01240e-02
1.3883000e-04,-2.25110e-02
1.3888000e-04,-2.28360e-02
1.3893000e-04,-2.35690e-02
1.3898000e-04,-2.65060e-02
1.3903000e-04,-2.59840e-02
1.3908000e-04,-2.69290e-02
1.3913000e-04,-2.81210e-02
1.3918000e-04,-2.79950e-02
1.3923000e-04,-2.83150e-02
1.3928000e-04,-2.90790e-02
1.3933000e-04,-2.77970e-02
1.3938000e-04,-2.85020e-02
1.3943000e-04,-2.79700e-02
1.3948000e-04,-2.67200e-02
1.3953000e-04,-2.57240e-02
1.3958000e-04,-2.43900e-02
1.3963000e-04,-2.39630e-02
1.3968000e-04,-2.09310e-02
1.3973000e-04,-1.89500e-02
1.3978000e-04,-1.76420e-02
1.3983000e-04,-1.60410e-02
1.3988000e-04,-1.39980e-02
1.3993000e-04,-1.20980e-02
1.3998000e-04,-1.01730e-02
1.4003000e-04,-8.42650e-03
1.4008000e-04,-6.14480e-03
1.4013000e-04,-3.85620e-03
1.4018000e-04,-3.41280e-03
1.4023000e-04,-1.00270e-03
1.4028000e-04,5.74490e-04
1.4033000e-04,2.60300e-03
1.4038000e-04,3.57580e-03
1.4043000e-04,4.72520e-03
1.4048000e-04,5.84210e-03
1.4053000e-04,7.29070e-03
1.4058000e-04,9.15580e-03
1.4063000e-04,9.91970e-03
1.4068000e-04,1.06120e-02
1.4073000e-04,1.18050e-02
1.4078000e-04,1.17800e-02
1.4083000e-04,1.22960e-02
1.4088000e-04,1.22960e-02
1.4093000e-04,1.22960e-02
1.4098000e-04,1.18130e-02
1.4103000e-04,1.11280e-02
1.4108000e-04,1.20830e-02
1.4113000e-04,9.73470e-03
1.4118000e-04,8.48870e-03
1.4123000e-04,8.53030e-03
1.4128000e-04,7.27650e-03
1.4133000e-04,6.66110e-03
1.4138000e-04,5.27530e-03
1.4143000e-04,3.65100e-03
1.4148000e-04,1.46680e-03
1.4153000e-04,1.03220e-03
1.4158000e-04,-7.95510e-04
1.4163000e-04,-2.51780e-03
1.4168000e-04,-4.46330e-03
1.4173000e-04,-6.72990e-03
1.4178000e-04,-6.34280e-03
1.4183000e-04,-9.70620e-03
1.4188000e-04,-9.70620e-03
1.4193000e-04,-1.17140e-02
1.4198000e-04,-1.33690e-02
1.4203000e-04,-1.44230e-02
1.4208000e-04,-1.53370e-02
1.4213000e-04,-1.73020e-02
1.4218000e-04,-1.82730e-02
1.4223000e-04,-1.95130e-02
1.4228000e-04,-2.08560e-02
1.4233000e-04,-1.94000e-02
1.4238000e-04,-2.12520e-02
1.4243000e-04,-2.12290e-02
1.4248000e-04,-2.17990e-02
1.4253000e-04,-2.15990e-02
1.4258000e-04,-2.06050e-02
1.4263000e-04,-2.06050e-02
1.4268000e-04,-1.96760e-02
1.4273000e-04,-1.91370e-02
1.4278000e-04,-1.82030e-02
1.4283000e-04,-1.58760e-02
1.4288000e-04,-1.53830e-02
1.4293000e-04,-1.49880e-02
1.4298000e-04,-1.39710e-02
1.4303000e-04,-1.21790e-02
1.4308000e-04,-1.31210e-02
1.4313000e-04,-1.04080e-02
1.4318000e-04,-8.43810e-03
1.4323000e-04,-8.61360e-03
1.4328000e-04,-5.45880e-03
1.4333000e-04,-4.06330e-03
1.4338000e-04,-1.82670e-03
1.4343000e-04,-1.56830e-04
1.4348000e-04,7.26180e-04
1.4353000e-04,2.22740e-03
1.4358000e-04,3.54700e-03
1.4363000e-04,4.54340e-03
1.4368000e-04,6.34390e-03
1.4373000e-04,8.09010e-03
1.4378000e-04,8.82360e-03
1.4383000e-04,8.82360e-03
1.4388000e-04,1.10120e-02
1.4393000e-04,1.28500e-02
1.4398000e-04,1.32480e-02
1.4403000e-04,1.32480e-02
1.4408000e-04,1.51470e-02
1.4413000e-04,1.51470e-02
1.4418000e-04,1.70310e-02
1.4423000e-04,1.74800e-02
1.4428000e-04,1.69050e-02
1.4433000e-04,1.75600e-02
1.4438000e-04,1.73950e-02
1.4443000e-04,1.89920e-02
1.4448000e-04,1.89920e-02
1.4453000e-04,1.76240e-02
1.4458000e-04,1.82490e-02
1.4463000e-04,1.74600e-02
1.4468000e-04,1.71540e-02
1.4473000e-04,1.69480e-02
1.4478000e-04,1.54360e-02
1.4483000e-04,1.52190e-02
1.4488000e-04,1.44560e-02
1.4493000e-04,1.53790e-02
1.4498000e-04,1.37440e-02
1.4503000e-04,1.34310e-02
1.4508000e-04,1.18080e-02
1.4513000e-04,1.06170e-02
1.4518000e-04,9.56850e-03
1.4523000e-04,9.84390e-03
1.4528000e-04,9.71360e-03
1.4533000e-04,6.72000e-03
1.4538000e-04,7.62050e-03
1.4543000e-04,5.89910e-03
1.4548000e-04,5.47680e-03
1.4553000e-04,5.35700e-03
1.4558000e-04,3.82140e-03
1.4563000e-04,4.01000e-03
1.4568000e-04,3.70720e-03
1.4573000e-04,2.34680e-03
1.4578000e-04,2.65150e-03
1.4583000e-04,1.99210e-03
1.4588000e-04,1.57940e-03
1.4593000e-04,1.89630e-03
1.4598000e-04,2.21030e-03
1.4603000e-04,2.87000e-03
1.4608000e-04,1.45030e-03
1.4613000e-04,3.05850e-03
1.4618000e-04,3.41620e-03
1.4623000e-04,2.61810e-03
1.4628000e-04,4.78330e-03
1.4633000e-04,4.08680e-03
1.4638000e-04,4.63080e-03
1.4643000e-04,5.94640e-03
1.4648000e-04,5.47930e-03
1.4653000e-04,6.66720e-03
1.4658000e-04,8.56040e-03
1.4663000e-04,9.15540e-03
1.4668000e-04,9.79840e-03
1.4673000e-04,1.15170e-02
1.4678000e-04,1.14170e-02
1.4683000e-04,1.26070e-02
1.4688000e-04,1.40000e-02
1.4693000e-04,1.54590e-02
1.4698000e-04,1.68660e-02
1.4703000e-04,1.83770e-02
1.4708000e-04,1.78240e-02
1.4713000e-04,1.95520e-02
1.4718000e-04,1.93230e-02
1.4723000e-04,2.02050e-02
1.4728000e-04,2.13210e-02
1.4733000e-04,2.14610e-02
1.4738000e-04,2.14610e-02
1.4743000e-04,2.33830e-02
1.4748000e-04,2.25930e-02
1.4753000e-04,2.40510e-02
1.4758000e-04,2.26040e-02
1.4763000e-04,2.47810e-02
1.4768000e-04,2.54470e-02
1.4773000e-04,2.43330e-02
1.4778000e-04,2.57920e-02
1.4783000e-04,2.47900e-02
1.4788000e-04,2.39510e-02
1.4793000e-04,2.42620e-02
1.4798000e-04,2.55260e-02
1.4803000e-04,2.11120e-02
1.4808000e-04,2.31450e-02
1.4813000e-04,2.05430e-02
1.4818000e-04,2.21190e-02
1.4823000e-04,2.21190e-02
1.4828000e-04,1.94220e-02
1.4833000e-04,1.88740e-02
1.4838000e-04,1.78560e-02
1.4843000e-04,1.59490e-02
1.4848000e-04,1.66110e-02
1.4853000e-04,1.49570e-02
1.4858000e-04,1.32940e-02
1.4863000e-04,1.49260e-02
1.4868000e-04,1.24130e-02
1.4873000e-04,1.08410e-02
1.4878000e-04,1.14360e-02
1.4883000e-04,9.88530e-03
1.4888000e-04,9.02580e-03
1.4893000e-04,8.76170e-03
1.4898000e-04,7.66390e-03
1.4903000e-04,6.07390e-03
1.4908000e-04,6.58900e-03
1.4913000e-04,5.88890e-03
1.4918000e-04,4.94900e-03
1.4923000e-04,5.60560e-03
1.4928000e-04,3.55060e-03
1.4933000e-04,4.87670e-03
1.4938000e-04,3.16950e-03
1.4943000e-04,3.41650e-03
1.4948000e-04,3.26050e-03
1.4953000e-04,2.88160e-03
1.4958000e-04,2.88160e-03
1.4963000e-04,3.82860e-03
1.4968000e-04,3.35910e-03
1.4973000e-04,2.92260e-03
1.4978000e-04,4.31130e-03
1.4983000e-04,6.06590e-03
1.4988000e-04,3.26420e-03
1.4993000e-04,6.42360e-03
1.4998000e-04,6.42360e-03
